0 verbose cli C:\Program Files\nodejs\node.exe C:\Program Files\nodejs\node_modules\npm\bin\npm-cli.js
1 info using npm@10.9.7
2 info using node@v22.22.2
3 silly config load:file:C:\Program Files\nodejs\node_modules\npm\npmrc
4 silly config load:file:C:\Users\venka\OneDrive\Desktop\Attendance\frontend\.npmrc
5 silly config load:file:C:\Users\venka\.npmrc
6 silly config load:file:C:\Users\venka\AppData\Roaming\npm\etc\npmrc
7 verbose title npm install
8 verbose argv "install"
9 verbose logfile logs-max:10 dir:C:\Users\venka\OneDrive\Desktop\Attendance\frontend\.npm-cache\_logs\2026-04-21T10_40_51_387Z-
10 verbose logfile C:\Users\venka\OneDrive\Desktop\Attendance\frontend\.npm-cache\_logs\2026-04-21T10_40_51_387Z-debug-0.log
11 silly logfile done cleaning log files
12 silly packumentCache heap:4345298944 maxSize:1086324736 maxEntrySize:543162368
13 silly idealTree buildDeps
14 silly fetch manifest @emotion/react@^11.11.4
15 silly packumentCache full:https://registry.npmjs.org/@emotion%2freact cache-miss
16 http fetch GET 200 https://registry.npmjs.org/@emotion%2freact 1363ms (cache miss)
17 silly packumentCache full:https://registry.npmjs.org/@emotion%2freact set size:undefined disposed:false
18 silly fetch manifest react@^18.3.1
19 silly packumentCache full:https://registry.npmjs.org/react cache-miss
20 http fetch GET 200 https://registry.npmjs.org/react 351ms (cache miss)
21 silly packumentCache full:https://registry.npmjs.org/react set size:undefined disposed:false
22 silly fetch manifest @emotion/styled@^11.11.5
23 silly packumentCache full:https://registry.npmjs.org/@emotion%2fstyled cache-miss
24 http fetch GET 200 https://registry.npmjs.org/@emotion%2fstyled 885ms (cache miss)
25 silly packumentCache full:https://registry.npmjs.org/@emotion%2fstyled set size:undefined disposed:false
26 silly fetch manifest @mui/icons-material@^5.16.14
27 silly packumentCache full:https://registry.npmjs.org/@mui%2ficons-material cache-miss
28 http fetch GET 200 https://registry.npmjs.org/@mui%2ficons-material 2171ms (cache miss)
29 silly packumentCache full:https://registry.npmjs.org/@mui%2ficons-material set size:undefined disposed:false
30 silly fetch manifest @mui/material@^5.16.14
31 silly packumentCache full:https://registry.npmjs.org/@mui%2fmaterial cache-miss
32 http fetch GET 200 https://registry.npmjs.org/@mui%2fmaterial 780ms (cache miss)
33 silly packumentCache full:https://registry.npmjs.org/@mui%2fmaterial set size:undefined disposed:false
34 silly fetch manifest @types/react@^18.3.12
35 silly packumentCache full:https://registry.npmjs.org/@types%2freact cache-miss
36 http fetch GET 200 https://registry.npmjs.org/@types%2freact 158ms (cache miss)
37 silly packumentCache full:https://registry.npmjs.org/@types%2freact set size:undefined disposed:false
38 silly fetch manifest react-dom@^18.3.1
39 silly packumentCache full:https://registry.npmjs.org/react-dom cache-miss
40 http fetch GET 200 https://registry.npmjs.org/react-dom 763ms (cache miss)
41 silly packumentCache full:https://registry.npmjs.org/react-dom set size:undefined disposed:false
42 silly fetch manifest axios@^1.7.7
43 silly packumentCache full:https://registry.npmjs.org/axios cache-miss
44 http fetch GET 200 https://registry.npmjs.org/axios 91ms (cache miss)
45 silly packumentCache full:https://registry.npmjs.org/axios set size:undefined disposed:false
46 silly fetch manifest dayjs@^1.11.13
47 silly packumentCache full:https://registry.npmjs.org/dayjs cache-miss
48 http fetch GET 200 https://registry.npmjs.org/dayjs 71ms (cache miss)
49 silly packumentCache full:https://registry.npmjs.org/dayjs set size:undefined disposed:false
50 silly fetch manifest react-router-dom@^6.26.2
51 silly packumentCache full:https://registry.npmjs.org/react-router-dom cache-miss
52 http fetch GET 200 https://registry.npmjs.org/react-router-dom 150ms (cache miss)
53 silly packumentCache full:https://registry.npmjs.org/react-router-dom set size:undefined disposed:false
54 silly fetch manifest @types/react-dom@^18.3.1
55 silly packumentCache full:https://registry.npmjs.org/@types%2freact-dom cache-miss
56 http fetch GET 200 https://registry.npmjs.org/@types%2freact-dom 218ms (cache miss)
57 silly packumentCache full:https://registry.npmjs.org/@types%2freact-dom set size:undefined disposed:false
58 silly fetch manifest @vitejs/plugin-react@^4.3.3
59 silly packumentCache full:https://registry.npmjs.org/@vitejs%2fplugin-react cache-miss
60 http fetch GET 200 https://registry.npmjs.org/@vitejs%2fplugin-react 295ms (cache miss)
61 silly packumentCache full:https://registry.npmjs.org/@vitejs%2fplugin-react set size:undefined disposed:false
62 silly fetch manifest vite@^5.4.10
63 silly packumentCache full:https://registry.npmjs.org/vite cache-miss
64 http fetch GET 200 https://registry.npmjs.org/vite 4321ms (cache miss)
65 silly packumentCache full:https://registry.npmjs.org/vite set size:undefined disposed:false
66 silly fetch manifest @types/node@^18.0.0 || >=20.0.0
67 silly packumentCache full:https://registry.npmjs.org/@types%2fnode cache-miss
68 http fetch GET 200 https://registry.npmjs.org/@types%2fnode 456ms (cache miss)
69 silly packumentCache full:https://registry.npmjs.org/@types%2fnode set size:undefined disposed:false
70 silly fetch manifest less@*
71 silly packumentCache full:https://registry.npmjs.org/less cache-miss
72 http fetch GET 200 https://registry.npmjs.org/less 249ms (cache miss)
73 silly packumentCache full:https://registry.npmjs.org/less set size:undefined disposed:false
74 silly fetch manifest lightningcss@^1.21.0
75 silly packumentCache full:https://registry.npmjs.org/lightningcss cache-miss
76 http fetch GET 200 https://registry.npmjs.org/lightningcss 199ms (cache miss)
77 silly packumentCache full:https://registry.npmjs.org/lightningcss set size:undefined disposed:false
78 silly fetch manifest sass@*
79 silly packumentCache full:https://registry.npmjs.org/sass cache-miss
80 http fetch GET 200 https://registry.npmjs.org/sass 190ms (cache miss)
81 silly packumentCache full:https://registry.npmjs.org/sass set size:undefined disposed:false
82 silly fetch manifest sass-embedded@*
83 silly packumentCache full:https://registry.npmjs.org/sass-embedded cache-miss
84 http fetch GET 200 https://registry.npmjs.org/sass-embedded 118ms (cache miss)
85 silly packumentCache full:https://registry.npmjs.org/sass-embedded set size:undefined disposed:false
86 silly fetch manifest stylus@*
87 silly packumentCache full:https://registry.npmjs.org/stylus cache-miss
88 http fetch GET 200 https://registry.npmjs.org/stylus 85ms (cache miss)
89 silly packumentCache full:https://registry.npmjs.org/stylus set size:undefined disposed:false
90 silly fetch manifest sugarss@*
91 silly packumentCache full:https://registry.npmjs.org/sugarss cache-miss
92 http fetch GET 200 https://registry.npmjs.org/sugarss 293ms (cache miss)
93 silly packumentCache full:https://registry.npmjs.org/sugarss set size:undefined disposed:false
94 silly fetch manifest postcss@^8.3.3
95 silly packumentCache full:https://registry.npmjs.org/postcss cache-miss
96 http fetch GET 200 https://registry.npmjs.org/postcss 147ms (cache miss)
97 silly packumentCache full:https://registry.npmjs.org/postcss set size:undefined disposed:false
98 silly fetch manifest terser@^5.4.0
99 silly packumentCache full:https://registry.npmjs.org/terser cache-miss
100 http fetch GET 200 https://registry.npmjs.org/terser 67ms (cache miss)
101 silly packumentCache full:https://registry.npmjs.org/terser set size:undefined disposed:false
102 silly fetch manifest typescript@^5.6.3
103 silly packumentCache full:https://registry.npmjs.org/typescript cache-miss
104 http fetch GET 200 https://registry.npmjs.org/typescript 273ms (cache miss)
105 silly packumentCache full:https://registry.npmjs.org/typescript set size:undefined disposed:false
106 silly placeDep ROOT @emotion/react@11.14.0 OK for: attendance-frontend@0.1.0 want: ^11.11.4
107 silly placeDep ROOT react@18.3.1 OK for: @emotion/react@11.14.0 want: >=16.8.0
108 silly placeDep ROOT @emotion/styled@11.14.1 OK for: attendance-frontend@0.1.0 want: ^11.11.5
109 silly placeDep ROOT @mui/icons-material@5.18.0 OK for: attendance-frontend@0.1.0 want: ^5.16.14
110 silly placeDep ROOT @mui/material@5.18.0 OK for: @mui/icons-material@5.18.0 want: ^5.0.0
111 silly placeDep ROOT react-dom@18.3.1 OK for: @mui/material@5.18.0 want: ^17.0.0 || ^18.0.0 || ^19.0.0
112 silly placeDep ROOT @types/react@18.3.28 OK for: attendance-frontend@0.1.0 want: ^18.3.12
113 silly placeDep ROOT @types/react-dom@18.3.7 OK for: attendance-frontend@0.1.0 want: ^18.3.1
114 silly placeDep ROOT @vitejs/plugin-react@4.7.0 OK for: attendance-frontend@0.1.0 want: ^4.3.3
115 silly placeDep ROOT vite@5.4.21 OK for: @vitejs/plugin-react@4.7.0 want: ^4.2.0 || ^5.0.0 || ^6.0.0 || ^7.0.0
116 silly placeDep ROOT axios@1.15.1 OK for: attendance-frontend@0.1.0 want: ^1.7.7
117 silly placeDep ROOT dayjs@1.11.20 OK for: attendance-frontend@0.1.0 want: ^1.11.13
118 silly placeDep ROOT react-router-dom@6.30.3 OK for: attendance-frontend@0.1.0 want: ^6.26.2
119 silly placeDep ROOT typescript@5.9.3 OK for: attendance-frontend@0.1.0 want: ^5.6.3
120 silly fetch manifest @babel/runtime@^7.18.3
121 silly packumentCache full:https://registry.npmjs.org/@babel%2fruntime cache-miss
122 silly fetch manifest @emotion/babel-plugin@^11.13.5
123 silly packumentCache full:https://registry.npmjs.org/@emotion%2fbabel-plugin cache-miss
124 silly fetch manifest @emotion/cache@^11.14.0
125 silly packumentCache full:https://registry.npmjs.org/@emotion%2fcache cache-miss
126 silly fetch manifest @emotion/serialize@^1.3.3
127 silly packumentCache full:https://registry.npmjs.org/@emotion%2fserialize cache-miss
128 silly fetch manifest @emotion/use-insertion-effect-with-fallbacks@^1.2.0
129 silly packumentCache full:https://registry.npmjs.org/@emotion%2fuse-insertion-effect-with-fallbacks cache-miss
130 silly fetch manifest @emotion/utils@^1.4.2
131 silly packumentCache full:https://registry.npmjs.org/@emotion%2futils cache-miss
132 silly fetch manifest @emotion/weak-memoize@^0.4.0
133 silly packumentCache full:https://registry.npmjs.org/@emotion%2fweak-memoize cache-miss
134 silly fetch manifest hoist-non-react-statics@^3.3.1
135 silly packumentCache full:https://registry.npmjs.org/hoist-non-react-statics cache-miss
136 silly fetch manifest loose-envify@^1.1.0
137 silly packumentCache full:https://registry.npmjs.org/loose-envify cache-miss
138 silly fetch manifest @babel/runtime@^7.18.3
139 silly packumentCache full:https://registry.npmjs.org/@babel%2fruntime cache-miss
140 silly fetch manifest @emotion/babel-plugin@^11.13.5
141 silly packumentCache full:https://registry.npmjs.org/@emotion%2fbabel-plugin cache-miss
142 http fetch GET 200 https://registry.npmjs.org/loose-envify 178ms (cache miss)
143 silly packumentCache full:https://registry.npmjs.org/loose-envify set size:undefined disposed:false
144 silly fetch manifest @emotion/is-prop-valid@^1.3.0
145 silly packumentCache full:https://registry.npmjs.org/@emotion%2fis-prop-valid cache-miss
146 http fetch GET 200 https://registry.npmjs.org/@emotion%2fcache 336ms (cache miss)
147 silly packumentCache full:https://registry.npmjs.org/@emotion%2fcache set size:undefined disposed:false
148 silly fetch manifest @emotion/serialize@^1.3.3
149 silly packumentCache full:https://registry.npmjs.org/@emotion%2fserialize cache-miss
150 http fetch GET 200 https://registry.npmjs.org/@emotion%2fserialize 345ms (cache miss)
151 silly packumentCache full:https://registry.npmjs.org/@emotion%2fserialize set size:undefined disposed:false
152 silly fetch manifest @emotion/use-insertion-effect-with-fallbacks@^1.2.0
153 silly packumentCache full:https://registry.npmjs.org/@emotion%2fuse-insertion-effect-with-fallbacks cache-miss
154 http fetch GET 200 https://registry.npmjs.org/@babel%2fruntime 418ms (cache miss)
155 silly packumentCache full:https://registry.npmjs.org/@babel%2fruntime set size:undefined disposed:false
156 silly fetch manifest @emotion/utils@^1.4.2
157 silly packumentCache full:https://registry.npmjs.org/@emotion%2futils cache-miss
158 http fetch GET 200 https://registry.npmjs.org/@emotion%2fserialize 128ms (cache miss)
159 silly packumentCache full:https://registry.npmjs.org/@emotion%2fserialize set size:undefined disposed:false
160 silly fetch manifest @babel/runtime@^7.23.9
161 silly packumentCache full:https://registry.npmjs.org/@babel%2fruntime cache-miss
162 http fetch GET 200 https://registry.npmjs.org/@babel%2fruntime 716ms (cache miss)
163 silly packumentCache full:https://registry.npmjs.org/@babel%2fruntime set size:undefined disposed:false
164 silly fetch manifest clsx@^2.1.0
165 silly packumentCache full:https://registry.npmjs.org/clsx cache-miss
166 http cache https://registry.npmjs.org/@babel%2fruntime 291ms (cache hit)
167 silly packumentCache full:https://registry.npmjs.org/@babel%2fruntime set size:3372292 disposed:false
168 silly fetch manifest csstype@^3.1.3
169 silly packumentCache full:https://registry.npmjs.org/csstype cache-miss
170 http fetch GET 200 https://registry.npmjs.org/hoist-non-react-statics 839ms (cache miss)
171 silly packumentCache full:https://registry.npmjs.org/hoist-non-react-statics set size:undefined disposed:false
172 silly fetch manifest react-is@^19.0.0
173 silly packumentCache full:https://registry.npmjs.org/react-is cache-miss
174 http fetch GET 200 https://registry.npmjs.org/@emotion%2fis-prop-valid 1510ms (cache miss)
175 silly packumentCache full:https://registry.npmjs.org/@emotion%2fis-prop-valid set size:undefined disposed:false
176 silly fetch manifest @mui/types@~7.2.15
177 silly packumentCache full:https://registry.npmjs.org/@mui%2ftypes cache-miss
178 http fetch GET 200 https://registry.npmjs.org/@emotion%2fuse-insertion-effect-with-fallbacks 1602ms (cache miss)
179 silly packumentCache full:https://registry.npmjs.org/@emotion%2fuse-insertion-effect-with-fallbacks set size:undefined disposed:false
180 silly fetch manifest @mui/utils@^5.17.1
181 silly packumentCache full:https://registry.npmjs.org/@mui%2futils cache-miss
182 http fetch GET 200 https://registry.npmjs.org/@emotion%2fuse-insertion-effect-with-fallbacks 1956ms (cache miss)
183 silly packumentCache full:https://registry.npmjs.org/@emotion%2fuse-insertion-effect-with-fallbacks set size:undefined disposed:false
184 silly fetch manifest prop-types@^15.8.1
185 silly packumentCache full:https://registry.npmjs.org/prop-types cache-miss
186 http fetch GET 200 https://registry.npmjs.org/clsx 1224ms (cache miss)
187 silly packumentCache full:https://registry.npmjs.org/clsx set size:undefined disposed:false
188 silly fetch manifest @mui/system@^5.18.0
189 silly packumentCache full:https://registry.npmjs.org/@mui%2fsystem cache-miss
190 http fetch GET 200 https://registry.npmjs.org/@emotion%2futils 2280ms (cache miss)
191 silly packumentCache full:https://registry.npmjs.org/@emotion%2futils set size:undefined disposed:false
192 silly fetch manifest @popperjs/core@^2.11.8
193 silly packumentCache full:https://registry.npmjs.org/@popperjs%2fcore cache-miss
194 http fetch GET 200 https://registry.npmjs.org/@emotion%2futils 1834ms (cache miss)
195 silly packumentCache full:https://registry.npmjs.org/@emotion%2futils set size:undefined disposed:false
196 silly fetch manifest react-transition-group@^4.4.5
197 silly packumentCache full:https://registry.npmjs.org/react-transition-group cache-miss
198 http fetch GET 200 https://registry.npmjs.org/@emotion%2fweak-memoize 3248ms (cache miss)
199 silly packumentCache full:https://registry.npmjs.org/@emotion%2fweak-memoize set size:undefined disposed:false
200 silly fetch manifest @mui/core-downloads-tracker@^5.18.0
201 silly packumentCache full:https://registry.npmjs.org/@mui%2fcore-downloads-tracker cache-miss
202 http fetch GET 200 https://registry.npmjs.org/prop-types 1291ms (cache miss)
203 silly packumentCache full:https://registry.npmjs.org/prop-types set size:undefined disposed:false
204 silly fetch manifest @types/react-transition-group@^4.4.10
205 silly packumentCache full:https://registry.npmjs.org/@types%2freact-transition-group cache-miss
206 http fetch GET 200 https://registry.npmjs.org/@emotion%2fbabel-plugin 3252ms (cache miss)
207 silly packumentCache full:https://registry.npmjs.org/@emotion%2fbabel-plugin set size:undefined disposed:false
208 silly fetch manifest scheduler@^0.23.2
209 silly packumentCache full:https://registry.npmjs.org/scheduler cache-miss
210 http fetch GET 200 https://registry.npmjs.org/@emotion%2fbabel-plugin 3569ms (cache miss)
211 silly packumentCache full:https://registry.npmjs.org/@emotion%2fbabel-plugin set size:undefined disposed:false
212 silly fetch manifest csstype@^3.2.2
213 silly packumentCache full:https://registry.npmjs.org/csstype cache-miss
214 http fetch GET 200 https://registry.npmjs.org/csstype 2786ms (cache miss)
215 silly packumentCache full:https://registry.npmjs.org/csstype set size:undefined disposed:false
216 silly fetch manifest @types/prop-types@*
217 silly packumentCache full:https://registry.npmjs.org/@types%2fprop-types cache-miss
218 http fetch GET 200 https://registry.npmjs.org/react-transition-group 1996ms (cache miss)
219 silly packumentCache full:https://registry.npmjs.org/react-transition-group set size:undefined disposed:false
220 silly fetch manifest @babel/core@^7.28.0
221 silly packumentCache full:https://registry.npmjs.org/@babel%2fcore cache-miss
222 http cache https://registry.npmjs.org/csstype 910ms (cache hit)
223 silly packumentCache full:https://registry.npmjs.org/csstype set size:274189 disposed:false
224 silly fetch manifest react-refresh@^0.17.0
225 silly packumentCache full:https://registry.npmjs.org/react-refresh cache-miss
226 http fetch GET 200 https://registry.npmjs.org/@mui%2ftypes 3353ms (cache miss)
227 silly packumentCache full:https://registry.npmjs.org/@mui%2ftypes set size:undefined disposed:false
228 silly fetch manifest @types/babel__core@^7.20.5
229 silly packumentCache full:https://registry.npmjs.org/@types%2fbabel__core cache-miss
230 http fetch GET 200 https://registry.npmjs.org/@types%2fprop-types 1932ms (cache miss)
231 silly packumentCache full:https://registry.npmjs.org/@types%2fprop-types set size:undefined disposed:false
232 silly fetch manifest @rolldown/pluginutils@1.0.0-beta.27
233 silly packumentCache full:https://registry.npmjs.org/@rolldown%2fpluginutils cache-miss
234 http fetch GET 200 https://registry.npmjs.org/@types%2freact-transition-group 2254ms (cache miss)
235 silly packumentCache full:https://registry.npmjs.org/@types%2freact-transition-group set size:undefined disposed:false
236 silly fetch manifest @babel/plugin-transform-react-jsx-self@^7.27.1
237 silly packumentCache full:https://registry.npmjs.org/@babel%2fplugin-transform-react-jsx-self cache-miss
238 http fetch GET 200 https://registry.npmjs.org/@mui%2futils 4755ms (cache miss)
239 silly packumentCache full:https://registry.npmjs.org/@mui%2futils set size:undefined disposed:false
240 silly fetch manifest @babel/plugin-transform-react-jsx-source@^7.27.1
241 silly packumentCache full:https://registry.npmjs.org/@babel%2fplugin-transform-react-jsx-source cache-miss
242 http fetch GET 200 https://registry.npmjs.org/@types%2fbabel__core 1669ms (cache miss)
243 silly packumentCache full:https://registry.npmjs.org/@types%2fbabel__core set size:undefined disposed:false
244 silly fetch manifest rollup@^4.20.0
245 silly packumentCache full:https://registry.npmjs.org/rollup cache-miss
246 http fetch GET 200 https://registry.npmjs.org/@popperjs%2fcore 4866ms (cache miss)
247 silly packumentCache full:https://registry.npmjs.org/@popperjs%2fcore set size:undefined disposed:false
248 silly fetch manifest esbuild@^0.21.3
249 silly packumentCache full:https://registry.npmjs.org/esbuild cache-miss
250 http fetch GET 200 https://registry.npmjs.org/@mui%2fcore-downloads-tracker 3920ms (cache miss)
251 silly packumentCache full:https://registry.npmjs.org/@mui%2fcore-downloads-tracker set size:undefined disposed:false
252 silly fetch manifest postcss@^8.4.43
253 silly packumentCache full:https://registry.npmjs.org/postcss cache-miss
254 http fetch GET 200 https://registry.npmjs.org/@mui%2fsystem 5367ms (cache miss)
255 silly packumentCache full:https://registry.npmjs.org/@mui%2fsystem set size:undefined disposed:false
256 silly fetch manifest fsevents@~2.3.3
257 silly packumentCache full:https://registry.npmjs.org/fsevents cache-miss
258 http fetch GET 200 https://registry.npmjs.org/@rolldown%2fpluginutils 2364ms (cache miss)
259 silly packumentCache full:https://registry.npmjs.org/@rolldown%2fpluginutils set size:undefined disposed:false
260 silly fetch manifest form-data@^4.0.5
261 silly packumentCache full:https://registry.npmjs.org/form-data cache-miss
262 http fetch GET 200 https://registry.npmjs.org/@babel%2fplugin-transform-react-jsx-self 2821ms (cache miss)
263 silly packumentCache full:https://registry.npmjs.org/@babel%2fplugin-transform-react-jsx-self set size:undefined disposed:false
264 silly fetch manifest proxy-from-env@^2.1.0
265 silly packumentCache full:https://registry.npmjs.org/proxy-from-env cache-miss
266 http cache https://registry.npmjs.org/postcss 1159ms (cache hit)
267 silly packumentCache full:https://registry.npmjs.org/postcss set size:708244 disposed:false
268 silly fetch manifest follow-redirects@^1.15.11
269 silly packumentCache full:https://registry.npmjs.org/follow-redirects cache-miss
270 http fetch GET 200 https://registry.npmjs.org/@babel%2fplugin-transform-react-jsx-source 2163ms (cache miss)
271 silly packumentCache full:https://registry.npmjs.org/@babel%2fplugin-transform-react-jsx-source set size:undefined disposed:false
272 silly fetch manifest react-router@6.30.3
273 silly packumentCache full:https://registry.npmjs.org/react-router cache-miss
274 http fetch GET 200 https://registry.npmjs.org/fsevents 1758ms (cache miss)
275 silly packumentCache full:https://registry.npmjs.org/fsevents set size:undefined disposed:false
276 silly fetch manifest @remix-run/router@1.23.2
277 silly packumentCache full:https://registry.npmjs.org/@remix-run%2frouter cache-miss
278 http fetch GET 200 https://registry.npmjs.org/form-data 2104ms (cache miss)
279 silly packumentCache full:https://registry.npmjs.org/form-data set size:undefined disposed:false
280 http fetch GET 200 https://registry.npmjs.org/proxy-from-env 1661ms (cache miss)
281 silly packumentCache full:https://registry.npmjs.org/proxy-from-env set size:undefined disposed:false
282 http fetch GET 200 https://registry.npmjs.org/follow-redirects 1661ms (cache miss)
283 silly packumentCache full:https://registry.npmjs.org/follow-redirects set size:undefined disposed:false
284 http fetch GET 200 https://registry.npmjs.org/@babel%2fcore 5721ms (cache miss)
285 silly packumentCache full:https://registry.npmjs.org/@babel%2fcore set size:undefined disposed:false
286 http fetch GET 200 https://registry.npmjs.org/@remix-run%2frouter 964ms (cache miss)
287 silly packumentCache full:https://registry.npmjs.org/@remix-run%2frouter set size:undefined disposed:false
288 http fetch GET 200 https://registry.npmjs.org/esbuild 2931ms (cache miss)
289 silly packumentCache full:https://registry.npmjs.org/esbuild set size:undefined disposed:false
290 http fetch GET 200 https://registry.npmjs.org/react-is 9553ms (cache miss)
291 silly packumentCache full:https://registry.npmjs.org/react-is set size:undefined disposed:false
292 http fetch GET 200 https://registry.npmjs.org/react-router 1709ms (cache miss)
293 silly packumentCache full:https://registry.npmjs.org/react-router set size:undefined disposed:false
294 http fetch GET 200 https://registry.npmjs.org/scheduler 7404ms (cache miss)
295 silly packumentCache full:https://registry.npmjs.org/scheduler set size:undefined disposed:false
296 http fetch GET 200 https://registry.npmjs.org/react-refresh 6299ms (cache miss)
297 silly packumentCache full:https://registry.npmjs.org/react-refresh set size:undefined disposed:false
298 http fetch GET 200 https://registry.npmjs.org/rollup 4253ms (cache miss)
299 silly packumentCache full:https://registry.npmjs.org/rollup set size:undefined disposed:false
300 silly fetch manifest react@>=16.8.0
301 silly packumentCache full:https://registry.npmjs.org/react cache-miss
302 http cache https://registry.npmjs.org/react 43ms (cache hit)
303 silly packumentCache full:https://registry.npmjs.org/react set size:6613874 disposed:false
304 silly placeDep ROOT @babel/runtime@7.29.2 OK for: @emotion/react@11.14.0 want: ^7.18.3
305 silly placeDep ROOT @emotion/babel-plugin@11.13.5 OK for: @emotion/react@11.14.0 want: ^11.13.5
306 silly placeDep ROOT @emotion/cache@11.14.0 OK for: @emotion/react@11.14.0 want: ^11.14.0
307 silly placeDep ROOT @emotion/serialize@1.3.3 OK for: @emotion/react@11.14.0 want: ^1.3.3
308 silly placeDep ROOT @emotion/use-insertion-effect-with-fallbacks@1.2.0 OK for: @emotion/react@11.14.0 want: ^1.2.0
309 silly placeDep ROOT @emotion/utils@1.4.2 OK for: @emotion/react@11.14.0 want: ^1.4.2
310 silly placeDep ROOT @emotion/weak-memoize@0.4.0 OK for: @emotion/react@11.14.0 want: ^0.4.0
311 silly placeDep ROOT hoist-non-react-statics@3.3.2 OK for: @emotion/react@11.14.0 want: ^3.3.1
312 silly fetch manifest @babel/helper-module-imports@^7.16.7
313 silly packumentCache full:https://registry.npmjs.org/@babel%2fhelper-module-imports cache-miss
314 silly fetch manifest @emotion/hash@^0.9.2
315 silly packumentCache full:https://registry.npmjs.org/@emotion%2fhash cache-miss
316 silly fetch manifest @emotion/memoize@^0.9.0
317 silly packumentCache full:https://registry.npmjs.org/@emotion%2fmemoize cache-miss
318 silly fetch manifest babel-plugin-macros@^3.1.0
319 silly packumentCache full:https://registry.npmjs.org/babel-plugin-macros cache-miss
320 silly fetch manifest convert-source-map@^1.5.0
321 silly packumentCache full:https://registry.npmjs.org/convert-source-map cache-miss
322 silly fetch manifest escape-string-regexp@^4.0.0
323 silly packumentCache full:https://registry.npmjs.org/escape-string-regexp cache-miss
324 silly fetch manifest find-root@^1.1.0
325 silly packumentCache full:https://registry.npmjs.org/find-root cache-miss
326 silly fetch manifest source-map@^0.5.7
327 silly packumentCache full:https://registry.npmjs.org/source-map cache-miss
328 silly fetch manifest stylis@4.2.0
329 silly packumentCache full:https://registry.npmjs.org/stylis cache-miss
330 silly fetch manifest @emotion/memoize@^0.9.0
331 silly packumentCache full:https://registry.npmjs.org/@emotion%2fmemoize cache-miss
332 silly fetch manifest @emotion/sheet@^1.4.0
333 silly packumentCache full:https://registry.npmjs.org/@emotion%2fsheet cache-miss
334 http fetch GET 200 https://registry.npmjs.org/escape-string-regexp 83ms (cache miss)
335 silly packumentCache full:https://registry.npmjs.org/escape-string-regexp set size:undefined disposed:false
336 silly fetch manifest stylis@4.2.0
337 silly packumentCache full:https://registry.npmjs.org/stylis cache-miss
338 http fetch GET 200 https://registry.npmjs.org/source-map 150ms (cache miss)
339 silly packumentCache full:https://registry.npmjs.org/source-map set size:undefined disposed:false
340 silly fetch manifest @emotion/hash@^0.9.2
341 silly packumentCache full:https://registry.npmjs.org/@emotion%2fhash cache-miss
342 http fetch GET 200 https://registry.npmjs.org/babel-plugin-macros 210ms (cache miss)
343 silly packumentCache full:https://registry.npmjs.org/babel-plugin-macros set size:undefined disposed:false
344 silly fetch manifest @emotion/memoize@^0.9.0
345 silly packumentCache full:https://registry.npmjs.org/@emotion%2fmemoize cache-miss
346 http fetch GET 200 https://registry.npmjs.org/stylis 240ms (cache miss)
347 silly packumentCache full:https://registry.npmjs.org/stylis set size:undefined disposed:false
348 silly fetch manifest @emotion/unitless@^0.10.0
349 silly packumentCache full:https://registry.npmjs.org/@emotion%2funitless cache-miss
350 http fetch GET 200 https://registry.npmjs.org/@babel%2fhelper-module-imports 264ms (cache miss)
351 silly packumentCache full:https://registry.npmjs.org/@babel%2fhelper-module-imports set size:undefined disposed:false
352 silly fetch manifest csstype@^3.0.2
353 silly packumentCache full:https://registry.npmjs.org/csstype cache-hit
354 silly fetch manifest react-is@^16.7.0
355 silly packumentCache full:https://registry.npmjs.org/react-is cache-miss
356 http cache https://registry.npmjs.org/react-is 33ms (cache hit)
357 silly packumentCache full:https://registry.npmjs.org/react-is set size:5352319 disposed:false
358 http fetch GET 200 https://registry.npmjs.org/@emotion%2fmemoize 403ms (cache miss)
359 silly packumentCache full:https://registry.npmjs.org/@emotion%2fmemoize set size:undefined disposed:false
360 http fetch GET 200 https://registry.npmjs.org/@emotion%2fmemoize 411ms (cache miss)
361 silly packumentCache full:https://registry.npmjs.org/@emotion%2fmemoize set size:undefined disposed:false
362 http fetch GET 200 https://registry.npmjs.org/find-root 445ms (cache miss)
363 silly packumentCache full:https://registry.npmjs.org/find-root set size:undefined disposed:false
364 http fetch GET 200 https://registry.npmjs.org/convert-source-map 449ms (cache miss)
365 silly packumentCache full:https://registry.npmjs.org/convert-source-map set size:undefined disposed:false
366 http fetch GET 200 https://registry.npmjs.org/stylis 377ms (cache miss)
367 silly packumentCache full:https://registry.npmjs.org/stylis set size:undefined disposed:false
368 http fetch GET 200 https://registry.npmjs.org/@emotion%2fmemoize 297ms (cache miss)
369 silly packumentCache full:https://registry.npmjs.org/@emotion%2fmemoize set size:undefined disposed:false
370 http fetch GET 200 https://registry.npmjs.org/@emotion%2funitless 376ms (cache miss)
371 silly packumentCache full:https://registry.npmjs.org/@emotion%2funitless set size:undefined disposed:false
372 http fetch GET 200 https://registry.npmjs.org/@emotion%2fsheet 789ms (cache miss)
373 silly packumentCache full:https://registry.npmjs.org/@emotion%2fsheet set size:undefined disposed:false
374 http fetch GET 200 https://registry.npmjs.org/@emotion%2fhash 862ms (cache miss)
375 silly packumentCache full:https://registry.npmjs.org/@emotion%2fhash set size:undefined disposed:false
376 http fetch GET 200 https://registry.npmjs.org/@emotion%2fhash 705ms (cache miss)
377 silly packumentCache full:https://registry.npmjs.org/@emotion%2fhash set size:undefined disposed:false
378 silly placeDep ROOT @babel/helper-module-imports@7.28.6 OK for: @emotion/babel-plugin@11.13.5 want: ^7.16.7
379 silly placeDep ROOT @emotion/hash@0.9.2 OK for: @emotion/babel-plugin@11.13.5 want: ^0.9.2
380 silly placeDep ROOT @emotion/memoize@0.9.0 OK for: @emotion/babel-plugin@11.13.5 want: ^0.9.0
381 silly placeDep ROOT babel-plugin-macros@3.1.0 OK for: @emotion/babel-plugin@11.13.5 want: ^3.1.0
382 silly placeDep ROOT convert-source-map@1.9.0 OK for: @emotion/babel-plugin@11.13.5 want: ^1.5.0
383 silly placeDep ROOT escape-string-regexp@4.0.0 OK for: @emotion/babel-plugin@11.13.5 want: ^4.0.0
384 silly placeDep ROOT find-root@1.1.0 OK for: @emotion/babel-plugin@11.13.5 want: ^1.1.0
385 silly placeDep ROOT source-map@0.5.7 OK for: @emotion/babel-plugin@11.13.5 want: ^0.5.7
386 silly placeDep ROOT stylis@4.2.0 OK for: @emotion/babel-plugin@11.13.5 want: 4.2.0
387 silly fetch manifest @babel/types@^7.28.6
388 silly packumentCache full:https://registry.npmjs.org/@babel%2ftypes cache-miss
389 silly fetch manifest @babel/traverse@^7.28.6
390 silly packumentCache full:https://registry.npmjs.org/@babel%2ftraverse cache-miss
391 silly fetch manifest cosmiconfig@^7.0.0
392 silly packumentCache full:https://registry.npmjs.org/cosmiconfig cache-miss
393 silly fetch manifest resolve@^1.19.0
394 silly packumentCache full:https://registry.npmjs.org/resolve cache-miss
395 http fetch GET 200 https://registry.npmjs.org/cosmiconfig 63ms (cache miss)
396 silly packumentCache full:https://registry.npmjs.org/cosmiconfig set size:undefined disposed:false
397 http fetch GET 200 https://registry.npmjs.org/resolve 114ms (cache miss)
398 silly packumentCache full:https://registry.npmjs.org/resolve set size:undefined disposed:false
399 http fetch GET 200 https://registry.npmjs.org/@babel%2ftraverse 130ms (cache miss)
400 silly packumentCache full:https://registry.npmjs.org/@babel%2ftraverse set size:undefined disposed:false
401 http fetch GET 200 https://registry.npmjs.org/@babel%2ftypes 141ms (cache miss)
402 silly packumentCache full:https://registry.npmjs.org/@babel%2ftypes set size:undefined disposed:false
403 silly placeDep ROOT @babel/traverse@7.29.0 OK for: @babel/helper-module-imports@7.28.6 want: ^7.28.6
404 silly placeDep ROOT @babel/types@7.29.0 OK for: @babel/helper-module-imports@7.28.6 want: ^7.28.6
405 silly fetch manifest debug@^4.3.1
406 silly packumentCache full:https://registry.npmjs.org/debug cache-miss
407 silly fetch manifest @babel/types@^7.29.0
408 silly packumentCache full:https://registry.npmjs.org/@babel%2ftypes cache-miss
409 silly fetch manifest @babel/parser@^7.29.0
410 silly packumentCache full:https://registry.npmjs.org/@babel%2fparser cache-miss
411 silly fetch manifest @babel/template@^7.28.6
412 silly packumentCache full:https://registry.npmjs.org/@babel%2ftemplate cache-miss
413 silly fetch manifest @babel/generator@^7.29.0
414 silly packumentCache full:https://registry.npmjs.org/@babel%2fgenerator cache-miss
415 silly fetch manifest @babel/code-frame@^7.29.0
416 silly packumentCache full:https://registry.npmjs.org/@babel%2fcode-frame cache-miss
417 silly fetch manifest @babel/helper-globals@^7.28.0
418 silly packumentCache full:https://registry.npmjs.org/@babel%2fhelper-globals cache-miss
419 silly fetch manifest @babel/helper-string-parser@^7.27.1
420 silly packumentCache full:https://registry.npmjs.org/@babel%2fhelper-string-parser cache-miss
421 silly fetch manifest @babel/helper-validator-identifier@^7.28.5
422 silly packumentCache full:https://registry.npmjs.org/@babel%2fhelper-validator-identifier cache-miss
423 http cache https://registry.npmjs.org/@babel%2ftypes 42ms (cache hit)
424 silly packumentCache full:https://registry.npmjs.org/@babel%2ftypes set size:487885 disposed:false
425 http fetch GET 200 https://registry.npmjs.org/@babel%2fhelper-globals 97ms (cache miss)
426 silly packumentCache full:https://registry.npmjs.org/@babel%2fhelper-globals set size:undefined disposed:false
427 http fetch GET 200 https://registry.npmjs.org/@babel%2fhelper-string-parser 104ms (cache miss)
428 silly packumentCache full:https://registry.npmjs.org/@babel%2fhelper-string-parser set size:undefined disposed:false
429 http fetch GET 200 https://registry.npmjs.org/@babel%2fhelper-validator-identifier 107ms (cache miss)
430 silly packumentCache full:https://registry.npmjs.org/@babel%2fhelper-validator-identifier set size:undefined disposed:false
431 http fetch GET 200 https://registry.npmjs.org/debug 117ms (cache miss)
432 silly packumentCache full:https://registry.npmjs.org/debug set size:undefined disposed:false
433 http fetch GET 200 https://registry.npmjs.org/@babel%2fcode-frame 125ms (cache miss)
434 silly packumentCache full:https://registry.npmjs.org/@babel%2fcode-frame set size:undefined disposed:false
435 http fetch GET 200 https://registry.npmjs.org/@babel%2ftemplate 130ms (cache miss)
436 silly packumentCache full:https://registry.npmjs.org/@babel%2ftemplate set size:undefined disposed:false
437 http fetch GET 200 https://registry.npmjs.org/@babel%2fparser 145ms (cache miss)
438 silly packumentCache full:https://registry.npmjs.org/@babel%2fparser set size:undefined disposed:false
439 http fetch GET 200 https://registry.npmjs.org/@babel%2fgenerator 157ms (cache miss)
440 silly packumentCache full:https://registry.npmjs.org/@babel%2fgenerator set size:undefined disposed:false
441 silly placeDep ROOT @babel/code-frame@7.29.0 OK for: @babel/traverse@7.29.0 want: ^7.29.0
442 silly placeDep ROOT @babel/generator@7.29.1 OK for: @babel/traverse@7.29.0 want: ^7.29.0
443 silly placeDep ROOT @babel/helper-globals@7.28.0 OK for: @babel/traverse@7.29.0 want: ^7.28.0
444 silly placeDep ROOT @babel/parser@7.29.2 OK for: @babel/traverse@7.29.0 want: ^7.29.0
445 silly placeDep ROOT @babel/template@7.28.6 OK for: @babel/traverse@7.29.0 want: ^7.28.6
446 silly placeDep ROOT debug@4.4.3 OK for: @babel/traverse@7.29.0 want: ^4.3.1
447 silly fetch manifest js-tokens@^4.0.0
448 silly packumentCache full:https://registry.npmjs.org/js-tokens cache-miss
449 silly fetch manifest picocolors@^1.1.1
450 silly packumentCache full:https://registry.npmjs.org/picocolors cache-miss
451 silly fetch manifest jsesc@^3.0.2
452 silly packumentCache full:https://registry.npmjs.org/jsesc cache-miss
453 silly fetch manifest @jridgewell/gen-mapping@^0.3.12
454 silly packumentCache full:https://registry.npmjs.org/@jridgewell%2fgen-mapping cache-miss
455 silly fetch manifest @jridgewell/trace-mapping@^0.3.28
456 silly packumentCache full:https://registry.npmjs.org/@jridgewell%2ftrace-mapping cache-miss
457 silly fetch manifest ms@^2.1.3
458 silly packumentCache full:https://registry.npmjs.org/ms cache-miss
459 http fetch GET 200 https://registry.npmjs.org/js-tokens 78ms (cache miss)
460 silly packumentCache full:https://registry.npmjs.org/js-tokens set size:undefined disposed:false
461 http fetch GET 200 https://registry.npmjs.org/picocolors 83ms (cache miss)
462 silly packumentCache full:https://registry.npmjs.org/picocolors set size:undefined disposed:false
463 http fetch GET 200 https://registry.npmjs.org/jsesc 83ms (cache miss)
464 silly packumentCache full:https://registry.npmjs.org/jsesc set size:undefined disposed:false
465 http fetch GET 200 https://registry.npmjs.org/ms 90ms (cache miss)
466 silly packumentCache full:https://registry.npmjs.org/ms set size:undefined disposed:false
467 http fetch GET 200 https://registry.npmjs.org/@jridgewell%2fgen-mapping 97ms (cache miss)
468 silly packumentCache full:https://registry.npmjs.org/@jridgewell%2fgen-mapping set size:undefined disposed:false
469 http fetch GET 200 https://registry.npmjs.org/@jridgewell%2ftrace-mapping 116ms (cache miss)
470 silly packumentCache full:https://registry.npmjs.org/@jridgewell%2ftrace-mapping set size:undefined disposed:false
471 silly placeDep ROOT @babel/helper-validator-identifier@7.28.5 OK for: @babel/code-frame@7.29.0 want: ^7.28.5
472 silly placeDep ROOT js-tokens@4.0.0 OK for: @babel/code-frame@7.29.0 want: ^4.0.0
473 silly placeDep ROOT picocolors@1.1.1 OK for: @babel/code-frame@7.29.0 want: ^1.1.1
474 silly placeDep ROOT @jridgewell/gen-mapping@0.3.13 OK for: @babel/generator@7.29.1 want: ^0.3.12
475 silly placeDep ROOT @jridgewell/trace-mapping@0.3.31 OK for: @babel/generator@7.29.1 want: ^0.3.28
476 silly placeDep ROOT jsesc@3.1.0 OK for: @babel/generator@7.29.1 want: ^3.0.2
477 silly fetch manifest @jridgewell/sourcemap-codec@^1.5.0
478 silly packumentCache full:https://registry.npmjs.org/@jridgewell%2fsourcemap-codec cache-miss
479 silly fetch manifest @jridgewell/trace-mapping@^0.3.24
480 silly packumentCache full:https://registry.npmjs.org/@jridgewell%2ftrace-mapping cache-miss
481 silly fetch manifest @jridgewell/resolve-uri@^3.1.0
482 silly packumentCache full:https://registry.npmjs.org/@jridgewell%2fresolve-uri cache-miss
483 silly fetch manifest @jridgewell/sourcemap-codec@^1.4.14
484 silly packumentCache full:https://registry.npmjs.org/@jridgewell%2fsourcemap-codec cache-miss
485 http cache https://registry.npmjs.org/@jridgewell%2ftrace-mapping 32ms (cache hit)
486 silly packumentCache full:https://registry.npmjs.org/@jridgewell%2ftrace-mapping set size:170909 disposed:false
487 http fetch GET 200 https://registry.npmjs.org/@jridgewell%2fsourcemap-codec 76ms (cache miss)
488 silly packumentCache full:https://registry.npmjs.org/@jridgewell%2fsourcemap-codec set size:undefined disposed:false
489 http fetch GET 200 https://registry.npmjs.org/@jridgewell%2fsourcemap-codec 82ms (cache miss)
490 silly packumentCache full:https://registry.npmjs.org/@jridgewell%2fsourcemap-codec set size:undefined disposed:false
491 http fetch GET 200 https://registry.npmjs.org/@jridgewell%2fresolve-uri 92ms (cache miss)
492 silly packumentCache full:https://registry.npmjs.org/@jridgewell%2fresolve-uri set size:undefined disposed:false
493 silly placeDep ROOT @babel/helper-string-parser@7.27.1 OK for: @babel/types@7.29.0 want: ^7.27.1
494 silly placeDep ROOT @emotion/sheet@1.4.0 OK for: @emotion/cache@11.14.0 want: ^1.4.0
495 silly placeDep ROOT @emotion/unitless@0.10.0 OK for: @emotion/serialize@1.3.3 want: ^0.10.0
496 silly placeDep ROOT csstype@3.2.3 OK for: @emotion/serialize@1.3.3 want: ^3.0.2
497 silly placeDep ROOT @emotion/is-prop-valid@1.4.0 OK for: @emotion/styled@11.14.1 want: ^1.3.0
498 silly placeDep ROOT @jridgewell/sourcemap-codec@1.5.5 OK for: @jridgewell/gen-mapping@0.3.13 want: ^1.5.0
499 silly placeDep ROOT @jridgewell/resolve-uri@3.1.2 OK for: @jridgewell/trace-mapping@0.3.31 want: ^3.1.0
500 silly fetch manifest @types/react@^17.0.0 || ^18.0.0 || ^19.0.0
501 silly packumentCache full:https://registry.npmjs.org/@types%2freact cache-miss
502 http cache https://registry.npmjs.org/@types%2freact 22ms (cache hit)
503 silly packumentCache full:https://registry.npmjs.org/@types%2freact set size:2588964 disposed:false
504 silly fetch manifest react@^17.0.0 || ^18.0.0 || ^19.0.0
505 silly packumentCache full:https://registry.npmjs.org/react cache-miss
506 http cache https://registry.npmjs.org/react 36ms (cache hit)
507 silly packumentCache full:https://registry.npmjs.org/react set size:6613874 disposed:false
508 silly fetch manifest @emotion/react@^11.5.0
509 silly packumentCache full:https://registry.npmjs.org/@emotion%2freact cache-miss
510 http cache https://registry.npmjs.org/@emotion%2freact 19ms (cache hit)
511 silly packumentCache full:https://registry.npmjs.org/@emotion%2freact set size:196548 disposed:false
512 silly fetch manifest @emotion/styled@^11.3.0
513 silly packumentCache full:https://registry.npmjs.org/@emotion%2fstyled cache-miss
514 http cache https://registry.npmjs.org/@emotion%2fstyled 17ms (cache hit)
515 silly packumentCache full:https://registry.npmjs.org/@emotion%2fstyled set size:286397 disposed:false
516 silly fetch manifest react-dom@^17.0.0 || ^18.0.0 || ^19.0.0
517 silly packumentCache full:https://registry.npmjs.org/react-dom cache-miss
518 http cache https://registry.npmjs.org/react-dom 79ms (cache hit)
519 silly packumentCache full:https://registry.npmjs.org/react-dom set size:8805723 disposed:false
520 silly placeDep ROOT @mui/core-downloads-tracker@5.18.0 OK for: @mui/material@5.18.0 want: ^5.18.0
521 silly placeDep ROOT @mui/system@5.18.0 OK for: @mui/material@5.18.0 want: ^5.18.0
522 silly placeDep ROOT @mui/types@7.2.24 OK for: @mui/material@5.18.0 want: ~7.2.15
523 silly placeDep ROOT @mui/utils@5.17.1 OK for: @mui/material@5.18.0 want: ^5.17.1
524 silly placeDep ROOT @popperjs/core@2.11.8 OK for: @mui/material@5.18.0 want: ^2.11.8
525 silly placeDep ROOT @types/react-transition-group@4.4.12 OK for: @mui/material@5.18.0 want: ^4.4.10
526 silly placeDep ROOT clsx@2.1.1 OK for: @mui/material@5.18.0 want: ^2.1.0
527 silly placeDep ROOT prop-types@15.8.1 OK for: @mui/material@5.18.0 want: ^15.8.1
528 silly placeDep ROOT react-is@19.2.5 OK for: @mui/material@5.18.0 want: ^19.0.0
529 silly placeDep ROOT react-transition-group@4.4.5 OK for: @mui/material@5.18.0 want: ^4.4.5
530 silly fetch manifest @mui/styled-engine@^5.18.0
531 silly packumentCache full:https://registry.npmjs.org/@mui%2fstyled-engine cache-miss
532 silly fetch manifest @mui/private-theming@^5.17.1
533 silly packumentCache full:https://registry.npmjs.org/@mui%2fprivate-theming cache-miss
534 silly fetch manifest clsx@^2.1.1
535 silly packumentCache full:https://registry.npmjs.org/clsx cache-miss
536 silly fetch manifest @types/prop-types@^15.7.12
537 silly packumentCache full:https://registry.npmjs.org/@types%2fprop-types cache-miss
538 silly fetch manifest loose-envify@^1.4.0
539 silly packumentCache full:https://registry.npmjs.org/loose-envify cache-miss
540 silly fetch manifest object-assign@^4.1.1
541 silly packumentCache full:https://registry.npmjs.org/object-assign cache-miss
542 silly fetch manifest react-is@^16.13.1
543 silly packumentCache full:https://registry.npmjs.org/react-is cache-miss
544 silly fetch manifest dom-helpers@^5.0.1
545 silly packumentCache full:https://registry.npmjs.org/dom-helpers cache-miss
546 silly fetch manifest loose-envify@^1.4.0
547 silly packumentCache full:https://registry.npmjs.org/loose-envify cache-miss
548 http cache https://registry.npmjs.org/@types%2fprop-types 58ms (cache hit)
549 silly packumentCache full:https://registry.npmjs.org/@types%2fprop-types set size:53942 disposed:false
550 http cache https://registry.npmjs.org/loose-envify 60ms (cache hit)
551 silly packumentCache full:https://registry.npmjs.org/loose-envify set size:12559 disposed:false
552 http cache https://registry.npmjs.org/react-is 66ms (cache hit)
553 silly packumentCache full:https://registry.npmjs.org/react-is set size:5352319 disposed:false
554 http cache https://registry.npmjs.org/clsx 165ms (cache hit)
555 silly packumentCache full:https://registry.npmjs.org/clsx set size:42506 disposed:false
556 http cache https://registry.npmjs.org/loose-envify 158ms (cache hit)
557 silly packumentCache full:https://registry.npmjs.org/loose-envify set size:12559 disposed:false
558 silly packumentCache full:https://registry.npmjs.org/loose-envify dispose
559 http fetch GET 200 https://registry.npmjs.org/object-assign 172ms (cache miss)
560 silly packumentCache full:https://registry.npmjs.org/object-assign set size:undefined disposed:false
561 http fetch GET 200 https://registry.npmjs.org/dom-helpers 175ms (cache miss)
562 silly packumentCache full:https://registry.npmjs.org/dom-helpers set size:undefined disposed:false
563 http fetch GET 200 https://registry.npmjs.org/@mui%2fstyled-engine 490ms (cache miss)
564 silly packumentCache full:https://registry.npmjs.org/@mui%2fstyled-engine set size:undefined disposed:false
565 http fetch GET 200 https://registry.npmjs.org/@mui%2fprivate-theming 499ms (cache miss)
566 silly packumentCache full:https://registry.npmjs.org/@mui%2fprivate-theming set size:undefined disposed:false
567 silly placeDep ROOT @mui/private-theming@5.17.1 OK for: @mui/system@5.18.0 want: ^5.17.1
568 silly placeDep ROOT @mui/styled-engine@5.18.0 OK for: @mui/system@5.18.0 want: ^5.18.0
569 silly placeDep ROOT @types/prop-types@15.7.15 OK for: @mui/utils@5.17.1 want: ^15.7.12
570 silly placeDep ROOT @babel/core@7.29.0 OK for: @vitejs/plugin-react@4.7.0 want: ^7.28.0
571 silly placeDep ROOT @babel/plugin-transform-react-jsx-self@7.27.1 OK for: @vitejs/plugin-react@4.7.0 want: ^7.27.1
572 silly placeDep ROOT @babel/plugin-transform-react-jsx-source@7.27.1 OK for: @vitejs/plugin-react@4.7.0 want: ^7.27.1
573 silly placeDep ROOT @rolldown/pluginutils@1.0.0-beta.27 OK for: @vitejs/plugin-react@4.7.0 want: 1.0.0-beta.27
574 silly placeDep ROOT @types/babel__core@7.20.5 OK for: @vitejs/plugin-react@4.7.0 want: ^7.20.5
575 silly placeDep ROOT react-refresh@0.17.0 OK for: @vitejs/plugin-react@4.7.0 want: ^0.17.0
576 silly fetch manifest json5@^2.2.3
577 silly packumentCache full:https://registry.npmjs.org/json5 cache-miss
578 silly fetch manifest semver@^6.3.1
579 silly packumentCache full:https://registry.npmjs.org/semver cache-miss
580 silly fetch manifest gensync@^1.0.0-beta.2
581 silly packumentCache full:https://registry.npmjs.org/gensync cache-miss
582 silly fetch manifest @babel/helpers@^7.28.6
583 silly packumentCache full:https://registry.npmjs.org/@babel%2fhelpers cache-miss
584 silly fetch manifest convert-source-map@^2.0.0
585 silly packumentCache full:https://registry.npmjs.org/convert-source-map cache-miss
586 silly fetch manifest @jridgewell/remapping@^2.3.5
587 silly packumentCache full:https://registry.npmjs.org/@jridgewell%2fremapping cache-miss
588 silly fetch manifest @babel/helper-module-transforms@^7.28.6
589 silly packumentCache full:https://registry.npmjs.org/@babel%2fhelper-module-transforms cache-miss
590 silly fetch manifest @babel/helper-compilation-targets@^7.28.6
591 silly packumentCache full:https://registry.npmjs.org/@babel%2fhelper-compilation-targets cache-miss
592 silly fetch manifest @babel/helper-plugin-utils@^7.27.1
593 silly packumentCache full:https://registry.npmjs.org/@babel%2fhelper-plugin-utils cache-miss
594 silly fetch manifest @babel/helper-plugin-utils@^7.27.1
595 silly packumentCache full:https://registry.npmjs.org/@babel%2fhelper-plugin-utils cache-miss
596 silly fetch manifest @types/babel__template@*
597 silly packumentCache full:https://registry.npmjs.org/@types%2fbabel__template cache-miss
598 http cache https://registry.npmjs.org/convert-source-map 28ms (cache hit)
599 silly packumentCache full:https://registry.npmjs.org/convert-source-map set size:66997 disposed:false
600 silly fetch manifest @types/babel__traverse@*
601 silly packumentCache full:https://registry.npmjs.org/@types%2fbabel__traverse cache-miss
602 http fetch GET 200 https://registry.npmjs.org/json5 55ms (cache miss)
603 silly packumentCache full:https://registry.npmjs.org/json5 set size:undefined disposed:false
604 silly fetch manifest @types/babel__generator@*
605 silly packumentCache full:https://registry.npmjs.org/@types%2fbabel__generator cache-miss
606 http fetch GET 200 https://registry.npmjs.org/gensync 63ms (cache miss)
607 silly packumentCache full:https://registry.npmjs.org/gensync set size:undefined disposed:false
608 http fetch GET 200 https://registry.npmjs.org/@babel%2fhelper-compilation-targets 96ms (cache miss)
609 silly packumentCache full:https://registry.npmjs.org/@babel%2fhelper-compilation-targets set size:undefined disposed:false
610 http fetch GET 200 https://registry.npmjs.org/@babel%2fhelper-plugin-utils 107ms (cache miss)
611 silly packumentCache full:https://registry.npmjs.org/@babel%2fhelper-plugin-utils set size:undefined disposed:false
612 http fetch GET 200 https://registry.npmjs.org/@types%2fbabel__template 115ms (cache miss)
613 silly packumentCache full:https://registry.npmjs.org/@types%2fbabel__template set size:undefined disposed:false
614 http fetch GET 200 https://registry.npmjs.org/semver 120ms (cache miss)
615 silly packumentCache full:https://registry.npmjs.org/semver set size:undefined disposed:false
616 http fetch GET 200 https://registry.npmjs.org/@babel%2fhelper-plugin-utils 130ms (cache miss)
617 silly packumentCache full:https://registry.npmjs.org/@babel%2fhelper-plugin-utils set size:undefined disposed:false
618 http fetch GET 200 https://registry.npmjs.org/@types%2fbabel__traverse 104ms (cache miss)
619 silly packumentCache full:https://registry.npmjs.org/@types%2fbabel__traverse set size:undefined disposed:false
620 http fetch GET 200 https://registry.npmjs.org/@babel%2fhelper-module-transforms 141ms (cache miss)
621 silly packumentCache full:https://registry.npmjs.org/@babel%2fhelper-module-transforms set size:undefined disposed:false
622 http fetch GET 200 https://registry.npmjs.org/@babel%2fhelpers 151ms (cache miss)
623 silly packumentCache full:https://registry.npmjs.org/@babel%2fhelpers set size:undefined disposed:false
624 http fetch GET 200 https://registry.npmjs.org/@jridgewell%2fremapping 445ms (cache miss)
625 silly packumentCache full:https://registry.npmjs.org/@jridgewell%2fremapping set size:undefined disposed:false
626 http fetch GET 200 https://registry.npmjs.org/@types%2fbabel__generator 549ms (cache miss)
627 silly packumentCache full:https://registry.npmjs.org/@types%2fbabel__generator set size:undefined disposed:false
628 silly fetch manifest @babel/core@^7.0.0
629 silly packumentCache full:https://registry.npmjs.org/@babel%2fcore cache-miss
630 http cache https://registry.npmjs.org/@babel%2fcore 11ms (cache hit)
631 silly packumentCache full:https://registry.npmjs.org/@babel%2fcore set size:760113 disposed:false
632 silly placeDep ROOT @babel/helper-compilation-targets@7.28.6 OK for: @babel/core@7.29.0 want: ^7.28.6
633 silly placeDep ROOT @babel/helper-module-transforms@7.28.6 OK for: @babel/core@7.29.0 want: ^7.28.6
634 silly placeDep ROOT @babel/helpers@7.29.2 OK for: @babel/core@7.29.0 want: ^7.28.6
635 silly placeDep ROOT @jridgewell/remapping@2.3.5 OK for: @babel/core@7.29.0 want: ^2.3.5
636 silly placeDep node_modules/@babel/core convert-source-map@2.0.0 OK for: @babel/core@7.29.0 want: ^2.0.0
637 silly placeDep ROOT gensync@1.0.0-beta.2 OK for: @babel/core@7.29.0 want: ^1.0.0-beta.2
638 silly placeDep ROOT json5@2.2.3 OK for: @babel/core@7.29.0 want: ^2.2.3
639 silly placeDep ROOT semver@6.3.1 OK for: @babel/core@7.29.0 want: ^6.3.1
640 silly fetch manifest lru-cache@^5.1.1
641 silly packumentCache full:https://registry.npmjs.org/lru-cache cache-miss
642 silly fetch manifest browserslist@^4.24.0
643 silly packumentCache full:https://registry.npmjs.org/browserslist cache-miss
644 silly fetch manifest @babel/compat-data@^7.28.6
645 silly packumentCache full:https://registry.npmjs.org/@babel%2fcompat-data cache-miss
646 silly fetch manifest @babel/helper-validator-option@^7.27.1
647 silly packumentCache full:https://registry.npmjs.org/@babel%2fhelper-validator-option cache-miss
648 http fetch GET 200 https://registry.npmjs.org/browserslist 72ms (cache miss)
649 silly packumentCache full:https://registry.npmjs.org/browserslist set size:undefined disposed:false
650 http fetch GET 200 https://registry.npmjs.org/@babel%2fcompat-data 78ms (cache miss)
651 silly packumentCache full:https://registry.npmjs.org/@babel%2fcompat-data set size:undefined disposed:false
652 http fetch GET 200 https://registry.npmjs.org/lru-cache 83ms (cache miss)
653 silly packumentCache full:https://registry.npmjs.org/lru-cache set size:undefined disposed:false
654 http fetch GET 200 https://registry.npmjs.org/@babel%2fhelper-validator-option 105ms (cache miss)
655 silly packumentCache full:https://registry.npmjs.org/@babel%2fhelper-validator-option set size:undefined disposed:false
656 silly placeDep ROOT @babel/compat-data@7.29.0 OK for: @babel/helper-compilation-targets@7.28.6 want: ^7.28.6
657 silly placeDep ROOT @babel/helper-validator-option@7.27.1 OK for: @babel/helper-compilation-targets@7.28.6 want: ^7.27.1
658 silly placeDep ROOT browserslist@4.28.2 OK for: @babel/helper-compilation-targets@7.28.6 want: ^4.24.0
659 silly placeDep ROOT lru-cache@5.1.1 OK for: @babel/helper-compilation-targets@7.28.6 want: ^5.1.1
660 silly fetch manifest baseline-browser-mapping@^2.10.12
661 silly packumentCache full:https://registry.npmjs.org/baseline-browser-mapping cache-miss
662 silly fetch manifest caniuse-lite@^1.0.30001782
663 silly packumentCache full:https://registry.npmjs.org/caniuse-lite cache-miss
664 silly fetch manifest electron-to-chromium@^1.5.328
665 silly packumentCache full:https://registry.npmjs.org/electron-to-chromium cache-miss
666 silly fetch manifest node-releases@^2.0.36
667 silly packumentCache full:https://registry.npmjs.org/node-releases cache-miss
668 silly fetch manifest update-browserslist-db@^1.2.3
669 silly packumentCache full:https://registry.npmjs.org/update-browserslist-db cache-miss
670 silly fetch manifest yallist@^3.0.2
671 silly packumentCache full:https://registry.npmjs.org/yallist cache-miss
672 http fetch GET 200 https://registry.npmjs.org/yallist 50ms (cache miss)
673 silly packumentCache full:https://registry.npmjs.org/yallist set size:undefined disposed:false
674 http fetch GET 200 https://registry.npmjs.org/update-browserslist-db 62ms (cache miss)
675 silly packumentCache full:https://registry.npmjs.org/update-browserslist-db set size:undefined disposed:false
676 http fetch GET 200 https://registry.npmjs.org/node-releases 65ms (cache miss)
677 silly packumentCache full:https://registry.npmjs.org/node-releases set size:undefined disposed:false
678 http fetch GET 200 https://registry.npmjs.org/caniuse-lite 195ms (cache miss)
679 silly packumentCache full:https://registry.npmjs.org/caniuse-lite set size:undefined disposed:false
680 http fetch GET 200 https://registry.npmjs.org/electron-to-chromium 239ms (cache miss)
681 silly packumentCache full:https://registry.npmjs.org/electron-to-chromium set size:undefined disposed:false
682 http fetch GET 200 https://registry.npmjs.org/baseline-browser-mapping 317ms (cache miss)
683 silly packumentCache full:https://registry.npmjs.org/baseline-browser-mapping set size:undefined disposed:false
684 silly placeDep ROOT @babel/helper-plugin-utils@7.28.6 OK for: @babel/plugin-transform-react-jsx-self@7.27.1 want: ^7.27.1
685 silly placeDep ROOT @types/babel__generator@7.27.0 OK for: @types/babel__core@7.20.5 want: *
686 silly placeDep ROOT @types/babel__template@7.4.4 OK for: @types/babel__core@7.20.5 want: *
687 silly placeDep ROOT @types/babel__traverse@7.28.0 OK for: @types/babel__core@7.20.5 want: *
688 silly placeDep ROOT follow-redirects@1.16.0 OK for: axios@1.15.1 want: ^1.15.11
689 silly placeDep ROOT form-data@4.0.5 OK for: axios@1.15.1 want: ^4.0.5
690 silly placeDep ROOT proxy-from-env@2.1.0 OK for: axios@1.15.1 want: ^2.1.0
691 silly fetch manifest asynckit@^0.4.0
692 silly packumentCache full:https://registry.npmjs.org/asynckit cache-miss
693 silly fetch manifest combined-stream@^1.0.8
694 silly packumentCache full:https://registry.npmjs.org/combined-stream cache-miss
695 silly fetch manifest es-set-tostringtag@^2.1.0
696 silly packumentCache full:https://registry.npmjs.org/es-set-tostringtag cache-miss
697 silly fetch manifest hasown@^2.0.2
698 silly packumentCache full:https://registry.npmjs.org/hasown cache-miss
699 silly fetch manifest mime-types@^2.1.12
700 silly packumentCache full:https://registry.npmjs.org/mime-types cache-miss
701 http fetch GET 200 https://registry.npmjs.org/combined-stream 50ms (cache miss)
702 silly packumentCache full:https://registry.npmjs.org/combined-stream set size:undefined disposed:false
703 http fetch GET 200 https://registry.npmjs.org/es-set-tostringtag 51ms (cache miss)
704 silly packumentCache full:https://registry.npmjs.org/es-set-tostringtag set size:undefined disposed:false
705 http fetch GET 200 https://registry.npmjs.org/asynckit 54ms (cache miss)
706 silly packumentCache full:https://registry.npmjs.org/asynckit set size:undefined disposed:false
707 http fetch GET 200 https://registry.npmjs.org/hasown 62ms (cache miss)
708 silly packumentCache full:https://registry.npmjs.org/hasown set size:undefined disposed:false
709 http fetch GET 200 https://registry.npmjs.org/mime-types 94ms (cache miss)
710 silly packumentCache full:https://registry.npmjs.org/mime-types set size:undefined disposed:false
711 silly placeDep ROOT cosmiconfig@7.1.0 OK for: babel-plugin-macros@3.1.0 want: ^7.0.0
712 silly placeDep ROOT resolve@1.22.12 OK for: babel-plugin-macros@3.1.0 want: ^1.19.0
713 silly fetch manifest yaml@^1.10.0
714 silly packumentCache full:https://registry.npmjs.org/yaml cache-miss
715 silly fetch manifest path-type@^4.0.0
716 silly packumentCache full:https://registry.npmjs.org/path-type cache-miss
717 silly fetch manifest parse-json@^5.0.0
718 silly packumentCache full:https://registry.npmjs.org/parse-json cache-miss
719 silly fetch manifest import-fresh@^3.2.1
720 silly packumentCache full:https://registry.npmjs.org/import-fresh cache-miss
721 silly fetch manifest @types/parse-json@^4.0.0
722 silly packumentCache full:https://registry.npmjs.org/@types%2fparse-json cache-miss
723 silly fetch manifest es-errors@^1.3.0
724 silly packumentCache full:https://registry.npmjs.org/es-errors cache-miss
725 silly fetch manifest is-core-module@^2.16.1
726 silly packumentCache full:https://registry.npmjs.org/is-core-module cache-miss
727 silly fetch manifest path-parse@^1.0.7
728 silly packumentCache full:https://registry.npmjs.org/path-parse cache-miss
729 silly fetch manifest supports-preserve-symlinks-flag@^1.0.0
730 silly packumentCache full:https://registry.npmjs.org/supports-preserve-symlinks-flag cache-miss
731 http fetch GET 200 https://registry.npmjs.org/path-type 57ms (cache miss)
732 silly packumentCache full:https://registry.npmjs.org/path-type set size:undefined disposed:false
733 http fetch GET 200 https://registry.npmjs.org/es-errors 95ms (cache miss)
734 silly packumentCache full:https://registry.npmjs.org/es-errors set size:undefined disposed:false
735 http fetch GET 200 https://registry.npmjs.org/@types%2fparse-json 98ms (cache miss)
736 silly packumentCache full:https://registry.npmjs.org/@types%2fparse-json set size:undefined disposed:false
737 http fetch GET 200 https://registry.npmjs.org/supports-preserve-symlinks-flag 96ms (cache miss)
738 silly packumentCache full:https://registry.npmjs.org/supports-preserve-symlinks-flag set size:undefined disposed:false
739 http fetch GET 200 https://registry.npmjs.org/parse-json 103ms (cache miss)
740 silly packumentCache full:https://registry.npmjs.org/parse-json set size:undefined disposed:false
741 http fetch GET 200 https://registry.npmjs.org/import-fresh 111ms (cache miss)
742 silly packumentCache full:https://registry.npmjs.org/import-fresh set size:undefined disposed:false
743 http fetch GET 200 https://registry.npmjs.org/path-parse 110ms (cache miss)
744 silly packumentCache full:https://registry.npmjs.org/path-parse set size:undefined disposed:false
745 http fetch GET 200 https://registry.npmjs.org/is-core-module 616ms (cache miss)
746 silly packumentCache full:https://registry.npmjs.org/is-core-module set size:undefined disposed:false
747 http fetch GET 200 https://registry.npmjs.org/yaml 657ms (cache miss)
748 silly packumentCache full:https://registry.npmjs.org/yaml set size:undefined disposed:false
749 silly fetch manifest browserslist@>= 4.21.0
750 silly packumentCache full:https://registry.npmjs.org/browserslist cache-miss
751 http cache https://registry.npmjs.org/browserslist 11ms (cache hit)
752 silly packumentCache full:https://registry.npmjs.org/browserslist set size:504681 disposed:false
753 silly placeDep ROOT baseline-browser-mapping@2.10.20 OK for: browserslist@4.28.2 want: ^2.10.12
754 silly placeDep ROOT caniuse-lite@1.0.30001788 OK for: browserslist@4.28.2 want: ^1.0.30001782
755 silly placeDep ROOT electron-to-chromium@1.5.340 OK for: browserslist@4.28.2 want: ^1.5.328
756 silly placeDep ROOT node-releases@2.0.37 OK for: browserslist@4.28.2 want: ^2.0.36
757 silly placeDep ROOT update-browserslist-db@1.2.3 OK for: browserslist@4.28.2 want: ^1.2.3
758 silly fetch manifest escalade@^3.2.0
759 silly packumentCache full:https://registry.npmjs.org/escalade cache-miss
760 http fetch GET 200 https://registry.npmjs.org/escalade 50ms (cache miss)
761 silly packumentCache full:https://registry.npmjs.org/escalade set size:undefined disposed:false
762 silly placeDep ROOT @types/parse-json@4.0.2 OK for: cosmiconfig@7.1.0 want: ^4.0.0
763 silly placeDep ROOT import-fresh@3.3.1 OK for: cosmiconfig@7.1.0 want: ^3.2.1
764 silly placeDep ROOT parse-json@5.2.0 OK for: cosmiconfig@7.1.0 want: ^5.0.0
765 silly placeDep ROOT path-type@4.0.0 OK for: cosmiconfig@7.1.0 want: ^4.0.0
766 silly placeDep ROOT yaml@1.10.3 OK for: cosmiconfig@7.1.0 want: ^1.10.0
767 silly fetch manifest resolve-from@^4.0.0
768 silly packumentCache full:https://registry.npmjs.org/resolve-from cache-miss
769 silly fetch manifest parent-module@^1.0.0
770 silly packumentCache full:https://registry.npmjs.org/parent-module cache-miss
771 silly fetch manifest error-ex@^1.3.1
772 silly packumentCache full:https://registry.npmjs.org/error-ex cache-miss
773 silly fetch manifest lines-and-columns@^1.1.6
774 silly packumentCache full:https://registry.npmjs.org/lines-and-columns cache-miss
775 silly fetch manifest json-parse-even-better-errors@^2.3.0
776 silly packumentCache full:https://registry.npmjs.org/json-parse-even-better-errors cache-miss
777 http fetch GET 200 https://registry.npmjs.org/parent-module 53ms (cache miss)
778 silly packumentCache full:https://registry.npmjs.org/parent-module set size:undefined disposed:false
779 http fetch GET 200 https://registry.npmjs.org/lines-and-columns 61ms (cache miss)
780 silly packumentCache full:https://registry.npmjs.org/lines-and-columns set size:undefined disposed:false
781 http fetch GET 200 https://registry.npmjs.org/error-ex 66ms (cache miss)
782 silly packumentCache full:https://registry.npmjs.org/error-ex set size:undefined disposed:false
783 http fetch GET 200 https://registry.npmjs.org/resolve-from 67ms (cache miss)
784 silly packumentCache full:https://registry.npmjs.org/resolve-from set size:undefined disposed:false
785 http fetch GET 200 https://registry.npmjs.org/json-parse-even-better-errors 75ms (cache miss)
786 silly packumentCache full:https://registry.npmjs.org/json-parse-even-better-errors set size:undefined disposed:false
787 silly placeDep ROOT ms@2.1.3 OK for: debug@4.4.3 want: ^2.1.3
788 silly placeDep ROOT asynckit@0.4.0 OK for: form-data@4.0.5 want: ^0.4.0
789 silly placeDep ROOT combined-stream@1.0.8 OK for: form-data@4.0.5 want: ^1.0.8
790 silly placeDep ROOT es-set-tostringtag@2.1.0 OK for: form-data@4.0.5 want: ^2.1.0
791 silly placeDep ROOT hasown@2.0.3 OK for: form-data@4.0.5 want: ^2.0.2
792 silly placeDep ROOT mime-types@2.1.35 OK for: form-data@4.0.5 want: ^2.1.12
793 silly fetch manifest delayed-stream@~1.0.0
794 silly packumentCache full:https://registry.npmjs.org/delayed-stream cache-miss
795 silly fetch manifest get-intrinsic@^1.2.6
796 silly packumentCache full:https://registry.npmjs.org/get-intrinsic cache-miss
797 silly fetch manifest has-tostringtag@^1.0.2
798 silly packumentCache full:https://registry.npmjs.org/has-tostringtag cache-miss
799 silly fetch manifest function-bind@^1.1.2
800 silly packumentCache full:https://registry.npmjs.org/function-bind cache-miss
801 silly fetch manifest mime-db@1.52.0
802 silly packumentCache full:https://registry.npmjs.org/mime-db cache-miss
803 http fetch GET 200 https://registry.npmjs.org/delayed-stream 101ms (cache miss)
804 silly packumentCache full:https://registry.npmjs.org/delayed-stream set size:undefined disposed:false
805 http fetch GET 200 https://registry.npmjs.org/has-tostringtag 101ms (cache miss)
806 silly packumentCache full:https://registry.npmjs.org/has-tostringtag set size:undefined disposed:false
807 http fetch GET 200 https://registry.npmjs.org/get-intrinsic 104ms (cache miss)
808 silly packumentCache full:https://registry.npmjs.org/get-intrinsic set size:undefined disposed:false
809 http fetch GET 200 https://registry.npmjs.org/mime-db 109ms (cache miss)
810 silly packumentCache full:https://registry.npmjs.org/mime-db set size:undefined disposed:false
811 http fetch GET 200 https://registry.npmjs.org/function-bind 119ms (cache miss)
812 silly packumentCache full:https://registry.npmjs.org/function-bind set size:undefined disposed:false
813 silly placeDep ROOT delayed-stream@1.0.0 OK for: combined-stream@1.0.8 want: ~1.0.0
814 silly placeDep ROOT es-errors@1.3.0 OK for: es-set-tostringtag@2.1.0 want: ^1.3.0
815 silly placeDep ROOT get-intrinsic@1.3.0 OK for: es-set-tostringtag@2.1.0 want: ^1.2.6
816 silly placeDep ROOT has-tostringtag@1.0.2 OK for: es-set-tostringtag@2.1.0 want: ^1.0.2
817 silly fetch manifest gopd@^1.2.0
818 silly packumentCache full:https://registry.npmjs.org/gopd cache-miss
819 silly fetch manifest get-proto@^1.0.1
820 silly packumentCache full:https://registry.npmjs.org/get-proto cache-miss
821 silly fetch manifest has-symbols@^1.1.0
822 silly packumentCache full:https://registry.npmjs.org/has-symbols cache-miss
823 silly fetch manifest es-object-atoms@^1.1.1
824 silly packumentCache full:https://registry.npmjs.org/es-object-atoms cache-miss
825 silly fetch manifest math-intrinsics@^1.1.0
826 silly packumentCache full:https://registry.npmjs.org/math-intrinsics cache-miss
827 silly fetch manifest es-define-property@^1.0.1
828 silly packumentCache full:https://registry.npmjs.org/es-define-property cache-miss
829 silly fetch manifest call-bind-apply-helpers@^1.0.2
830 silly packumentCache full:https://registry.npmjs.org/call-bind-apply-helpers cache-miss
831 silly fetch manifest has-symbols@^1.0.3
832 silly packumentCache full:https://registry.npmjs.org/has-symbols cache-miss
833 http fetch GET 200 https://registry.npmjs.org/get-proto 79ms (cache miss)
834 silly packumentCache full:https://registry.npmjs.org/get-proto set size:undefined disposed:false
835 http fetch GET 200 https://registry.npmjs.org/has-symbols 76ms (cache miss)
836 silly packumentCache full:https://registry.npmjs.org/has-symbols set size:undefined disposed:false
837 http fetch GET 200 https://registry.npmjs.org/has-symbols 83ms (cache miss)
838 silly packumentCache full:https://registry.npmjs.org/has-symbols set size:undefined disposed:false
839 http fetch GET 200 https://registry.npmjs.org/call-bind-apply-helpers 81ms (cache miss)
840 silly packumentCache full:https://registry.npmjs.org/call-bind-apply-helpers set size:undefined disposed:false
841 http fetch GET 200 https://registry.npmjs.org/math-intrinsics 86ms (cache miss)
842 silly packumentCache full:https://registry.npmjs.org/math-intrinsics set size:undefined disposed:false
843 http fetch GET 200 https://registry.npmjs.org/es-object-atoms 90ms (cache miss)
844 silly packumentCache full:https://registry.npmjs.org/es-object-atoms set size:undefined disposed:false
845 http fetch GET 200 https://registry.npmjs.org/es-define-property 89ms (cache miss)
846 silly packumentCache full:https://registry.npmjs.org/es-define-property set size:undefined disposed:false
847 http fetch GET 200 https://registry.npmjs.org/gopd 323ms (cache miss)
848 silly packumentCache full:https://registry.npmjs.org/gopd set size:undefined disposed:false
849 silly placeDep ROOT call-bind-apply-helpers@1.0.2 OK for: get-intrinsic@1.3.0 want: ^1.0.2
850 silly placeDep ROOT es-define-property@1.0.1 OK for: get-intrinsic@1.3.0 want: ^1.0.1
851 silly placeDep ROOT es-object-atoms@1.1.1 OK for: get-intrinsic@1.3.0 want: ^1.1.1
852 silly placeDep ROOT function-bind@1.1.2 OK for: get-intrinsic@1.3.0 want: ^1.1.2
853 silly placeDep ROOT get-proto@1.0.1 OK for: get-intrinsic@1.3.0 want: ^1.0.1
854 silly placeDep ROOT gopd@1.2.0 OK for: get-intrinsic@1.3.0 want: ^1.2.0
855 silly placeDep ROOT has-symbols@1.1.0 OK for: get-intrinsic@1.3.0 want: ^1.1.0
856 silly placeDep ROOT math-intrinsics@1.1.0 OK for: get-intrinsic@1.3.0 want: ^1.1.0
857 silly fetch manifest dunder-proto@^1.0.1
858 silly packumentCache full:https://registry.npmjs.org/dunder-proto cache-miss
859 http fetch GET 200 https://registry.npmjs.org/dunder-proto 49ms (cache miss)
860 silly packumentCache full:https://registry.npmjs.org/dunder-proto set size:undefined disposed:false
861 silly placeDep ROOT dunder-proto@1.0.1 OK for: get-proto@1.0.1 want: ^1.0.1
862 silly placeDep node_modules/hoist-non-react-statics react-is@16.13.1 OK for: hoist-non-react-statics@3.3.2 want: ^16.7.0
863 silly placeDep ROOT parent-module@1.0.1 OK for: import-fresh@3.3.1 want: ^1.0.0
864 silly placeDep ROOT resolve-from@4.0.0 OK for: import-fresh@3.3.1 want: ^4.0.0
865 silly fetch manifest callsites@^3.0.0
866 silly packumentCache full:https://registry.npmjs.org/callsites cache-miss
867 http fetch GET 200 https://registry.npmjs.org/callsites 42ms (cache miss)
868 silly packumentCache full:https://registry.npmjs.org/callsites set size:undefined disposed:false
869 silly placeDep ROOT yallist@3.1.1 OK for: lru-cache@5.1.1 want: ^3.0.2
870 silly placeDep ROOT mime-db@1.52.0 OK for: mime-types@2.1.35 want: 1.52.0
871 silly placeDep ROOT callsites@3.1.0 OK for: parent-module@1.0.1 want: ^3.0.0
872 silly placeDep ROOT error-ex@1.3.4 OK for: parse-json@5.2.0 want: ^1.3.1
873 silly placeDep ROOT json-parse-even-better-errors@2.3.1 OK for: parse-json@5.2.0 want: ^2.3.0
874 silly placeDep ROOT lines-and-columns@1.2.4 OK for: parse-json@5.2.0 want: ^1.1.6
875 silly fetch manifest is-arrayish@^0.2.1
876 silly packumentCache full:https://registry.npmjs.org/is-arrayish cache-miss
877 http fetch GET 200 https://registry.npmjs.org/is-arrayish 86ms (cache miss)
878 silly packumentCache full:https://registry.npmjs.org/is-arrayish set size:undefined disposed:false
879 silly placeDep ROOT is-arrayish@0.2.1 OK for: error-ex@1.3.4 want: ^0.2.1
880 silly placeDep ROOT loose-envify@1.4.0 OK for: prop-types@15.8.1 want: ^1.4.0
881 silly placeDep ROOT object-assign@4.1.1 OK for: prop-types@15.8.1 want: ^4.1.1
882 silly placeDep node_modules/prop-types react-is@16.13.1 OK for: prop-types@15.8.1 want: ^16.13.1
883 silly placeDep ROOT scheduler@0.23.2 OK for: react-dom@18.3.1 want: ^0.23.2
884 silly fetch manifest react@>=16.8
885 silly packumentCache full:https://registry.npmjs.org/react cache-miss
886 http cache https://registry.npmjs.org/react 31ms (cache hit)
887 silly packumentCache full:https://registry.npmjs.org/react set size:6613874 disposed:false
888 silly placeDep ROOT @remix-run/router@1.23.2 OK for: react-router-dom@6.30.3 want: 1.23.2
889 silly placeDep ROOT react-router@6.30.3 OK for: react-router-dom@6.30.3 want: 6.30.3
890 silly placeDep ROOT dom-helpers@5.2.1 OK for: react-transition-group@4.4.5 want: ^5.0.1
891 silly placeDep ROOT is-core-module@2.16.1 OK for: resolve@1.22.12 want: ^2.16.1
892 silly placeDep ROOT path-parse@1.0.7 OK for: resolve@1.22.12 want: ^1.0.7
893 silly placeDep ROOT supports-preserve-symlinks-flag@1.0.0 OK for: resolve@1.22.12 want: ^1.0.0
894 silly placeDep ROOT escalade@3.2.0 OK for: update-browserslist-db@1.2.3 want: ^3.2.0
895 silly placeDep ROOT esbuild@0.21.5 OK for: vite@5.4.21 want: ^0.21.3
896 silly placeDep ROOT fsevents@2.3.3 OK for: vite@5.4.21 want: ~2.3.3
897 silly placeDep ROOT postcss@8.5.10 OK for: vite@5.4.21 want: ^8.4.43
898 silly placeDep ROOT rollup@4.60.2 OK for: vite@5.4.21 want: ^4.20.0
899 silly fetch manifest @esbuild/aix-ppc64@0.21.5
900 silly packumentCache full:https://registry.npmjs.org/@esbuild%2faix-ppc64 cache-miss
901 silly fetch manifest @esbuild/linux-arm@0.21.5
902 silly packumentCache full:https://registry.npmjs.org/@esbuild%2flinux-arm cache-miss
903 silly fetch manifest @esbuild/linux-x64@0.21.5
904 silly packumentCache full:https://registry.npmjs.org/@esbuild%2flinux-x64 cache-miss
905 silly fetch manifest @esbuild/sunos-x64@0.21.5
906 silly packumentCache full:https://registry.npmjs.org/@esbuild%2fsunos-x64 cache-miss
907 silly fetch manifest @esbuild/win32-x64@0.21.5
908 silly packumentCache full:https://registry.npmjs.org/@esbuild%2fwin32-x64 cache-miss
909 silly fetch manifest @esbuild/darwin-x64@0.21.5
910 silly packumentCache full:https://registry.npmjs.org/@esbuild%2fdarwin-x64 cache-miss
911 silly fetch manifest @esbuild/linux-ia32@0.21.5
912 silly packumentCache full:https://registry.npmjs.org/@esbuild%2flinux-ia32 cache-miss
913 silly fetch manifest @esbuild/netbsd-x64@0.21.5
914 silly packumentCache full:https://registry.npmjs.org/@esbuild%2fnetbsd-x64 cache-miss
915 silly fetch manifest @esbuild/win32-ia32@0.21.5
916 silly packumentCache full:https://registry.npmjs.org/@esbuild%2fwin32-ia32 cache-miss
917 silly fetch manifest @esbuild/android-arm@0.21.5
918 silly packumentCache full:https://registry.npmjs.org/@esbuild%2fandroid-arm cache-miss
919 silly fetch manifest @esbuild/android-x64@0.21.5
920 silly packumentCache full:https://registry.npmjs.org/@esbuild%2fandroid-x64 cache-miss
921 http fetch GET 200 https://registry.npmjs.org/@esbuild%2faix-ppc64 120ms (cache miss)
922 silly packumentCache full:https://registry.npmjs.org/@esbuild%2faix-ppc64 set size:undefined disposed:false
923 silly fetch manifest @esbuild/freebsd-x64@0.21.5
924 silly packumentCache full:https://registry.npmjs.org/@esbuild%2ffreebsd-x64 cache-miss
925 http fetch GET 200 https://registry.npmjs.org/@esbuild%2fsunos-x64 133ms (cache miss)
926 silly packumentCache full:https://registry.npmjs.org/@esbuild%2fsunos-x64 set size:undefined disposed:false
927 silly fetch manifest @esbuild/linux-arm64@0.21.5
928 silly packumentCache full:https://registry.npmjs.org/@esbuild%2flinux-arm64 cache-miss
929 http fetch GET 200 https://registry.npmjs.org/@esbuild%2fandroid-arm 151ms (cache miss)
930 silly packumentCache full:https://registry.npmjs.org/@esbuild%2fandroid-arm set size:undefined disposed:false
931 silly fetch manifest @esbuild/linux-ppc64@0.21.5
932 silly packumentCache full:https://registry.npmjs.org/@esbuild%2flinux-ppc64 cache-miss
933 http fetch GET 200 https://registry.npmjs.org/@esbuild%2flinux-ia32 177ms (cache miss)
934 silly packumentCache full:https://registry.npmjs.org/@esbuild%2flinux-ia32 set size:undefined disposed:false
935 silly fetch manifest @esbuild/linux-s390x@0.21.5
936 silly packumentCache full:https://registry.npmjs.org/@esbuild%2flinux-s390x cache-miss
937 http fetch GET 200 https://registry.npmjs.org/@esbuild%2flinux-arm64 75ms (cache miss)
938 silly packumentCache full:https://registry.npmjs.org/@esbuild%2flinux-arm64 set size:undefined disposed:false
939 silly fetch manifest @esbuild/openbsd-x64@0.21.5
940 silly packumentCache full:https://registry.npmjs.org/@esbuild%2fopenbsd-x64 cache-miss
941 http fetch GET 200 https://registry.npmjs.org/@esbuild%2flinux-ppc64 80ms (cache miss)
942 silly packumentCache full:https://registry.npmjs.org/@esbuild%2flinux-ppc64 set size:undefined disposed:false
943 silly fetch manifest @esbuild/win32-arm64@0.21.5
944 silly packumentCache full:https://registry.npmjs.org/@esbuild%2fwin32-arm64 cache-miss
945 http fetch GET 200 https://registry.npmjs.org/@esbuild%2fopenbsd-x64 140ms (cache miss)
946 silly packumentCache full:https://registry.npmjs.org/@esbuild%2fopenbsd-x64 set size:undefined disposed:false
947 silly fetch manifest @esbuild/darwin-arm64@0.21.5
948 silly packumentCache full:https://registry.npmjs.org/@esbuild%2fdarwin-arm64 cache-miss
949 http fetch GET 200 https://registry.npmjs.org/@esbuild%2flinux-s390x 177ms (cache miss)
950 silly packumentCache full:https://registry.npmjs.org/@esbuild%2flinux-s390x set size:undefined disposed:false
951 silly fetch manifest @esbuild/android-arm64@0.21.5
952 silly packumentCache full:https://registry.npmjs.org/@esbuild%2fandroid-arm64 cache-miss
953 http fetch GET 200 https://registry.npmjs.org/@esbuild%2flinux-x64 428ms (cache miss)
954 silly packumentCache full:https://registry.npmjs.org/@esbuild%2flinux-x64 set size:undefined disposed:false
955 silly fetch manifest @esbuild/freebsd-arm64@0.21.5
956 silly packumentCache full:https://registry.npmjs.org/@esbuild%2ffreebsd-arm64 cache-miss
957 http fetch GET 200 https://registry.npmjs.org/@esbuild%2fnetbsd-x64 493ms (cache miss)
958 silly packumentCache full:https://registry.npmjs.org/@esbuild%2fnetbsd-x64 set size:undefined disposed:false
959 silly fetch manifest @esbuild/linux-loong64@0.21.5
960 silly packumentCache full:https://registry.npmjs.org/@esbuild%2flinux-loong64 cache-miss
961 http fetch GET 200 https://registry.npmjs.org/@esbuild%2fandroid-arm64 185ms (cache miss)
962 silly packumentCache full:https://registry.npmjs.org/@esbuild%2fandroid-arm64 set size:undefined disposed:false
963 silly fetch manifest @esbuild/linux-riscv64@0.21.5
964 silly packumentCache full:https://registry.npmjs.org/@esbuild%2flinux-riscv64 cache-miss
965 http fetch GET 200 https://registry.npmjs.org/@esbuild%2fdarwin-arm64 209ms (cache miss)
966 silly packumentCache full:https://registry.npmjs.org/@esbuild%2fdarwin-arm64 set size:undefined disposed:false
967 silly fetch manifest @esbuild/linux-mips64el@0.21.5
968 silly packumentCache full:https://registry.npmjs.org/@esbuild%2flinux-mips64el cache-miss
969 http fetch GET 200 https://registry.npmjs.org/@esbuild%2ffreebsd-x64 480ms (cache miss)
970 silly packumentCache full:https://registry.npmjs.org/@esbuild%2ffreebsd-x64 set size:undefined disposed:false
971 silly fetch manifest nanoid@^3.3.11
972 silly packumentCache full:https://registry.npmjs.org/nanoid cache-miss
973 http fetch GET 200 https://registry.npmjs.org/@esbuild%2fwin32-ia32 592ms (cache miss)
974 silly packumentCache full:https://registry.npmjs.org/@esbuild%2fwin32-ia32 set size:undefined disposed:false
975 silly fetch manifest source-map-js@^1.2.1
976 silly packumentCache full:https://registry.npmjs.org/source-map-js cache-miss
977 http fetch GET 200 https://registry.npmjs.org/@esbuild%2fwin32-arm64 358ms (cache miss)
978 silly packumentCache full:https://registry.npmjs.org/@esbuild%2fwin32-arm64 set size:undefined disposed:false
979 silly fetch manifest @types/estree@1.0.8
980 silly packumentCache full:https://registry.npmjs.org/@types%2festree cache-miss
981 http fetch GET 200 https://registry.npmjs.org/@esbuild%2fdarwin-x64 631ms (cache miss)
982 silly packumentCache full:https://registry.npmjs.org/@esbuild%2fdarwin-x64 set size:undefined disposed:false
983 silly fetch manifest @rollup/rollup-darwin-arm64@4.60.2
984 silly packumentCache full:https://registry.npmjs.org/@rollup%2frollup-darwin-arm64 cache-miss
985 http fetch GET 200 https://registry.npmjs.org/@esbuild%2flinux-arm 647ms (cache miss)
986 silly packumentCache full:https://registry.npmjs.org/@esbuild%2flinux-arm set size:undefined disposed:false
987 silly fetch manifest @rollup/rollup-android-arm64@4.60.2
988 silly packumentCache full:https://registry.npmjs.org/@rollup%2frollup-android-arm64 cache-miss
989 http fetch GET 200 https://registry.npmjs.org/@esbuild%2fwin32-x64 648ms (cache miss)
990 silly packumentCache full:https://registry.npmjs.org/@esbuild%2fwin32-x64 set size:undefined disposed:false
991 silly fetch manifest @rollup/rollup-win32-arm64-msvc@4.60.2
992 silly packumentCache full:https://registry.npmjs.org/@rollup%2frollup-win32-arm64-msvc cache-miss
993 http fetch GET 200 https://registry.npmjs.org/@esbuild%2flinux-loong64 165ms (cache miss)
994 silly packumentCache full:https://registry.npmjs.org/@esbuild%2flinux-loong64 set size:undefined disposed:false
995 silly fetch manifest @rollup/rollup-freebsd-arm64@4.60.2
996 silly packumentCache full:https://registry.npmjs.org/@rollup%2frollup-freebsd-arm64 cache-miss
997 http fetch GET 200 https://registry.npmjs.org/@esbuild%2flinux-riscv64 128ms (cache miss)
998 silly packumentCache full:https://registry.npmjs.org/@esbuild%2flinux-riscv64 set size:undefined disposed:false
999 silly fetch manifest @rollup/rollup-linux-arm64-gnu@4.60.2
1000 silly packumentCache full:https://registry.npmjs.org/@rollup%2frollup-linux-arm64-gnu cache-miss
1001 http fetch GET 200 https://registry.npmjs.org/@esbuild%2ffreebsd-arm64 273ms (cache miss)
1002 silly packumentCache full:https://registry.npmjs.org/@esbuild%2ffreebsd-arm64 set size:undefined disposed:false
1003 silly fetch manifest @rollup/rollup-linux-arm64-musl@4.60.2
1004 silly packumentCache full:https://registry.npmjs.org/@rollup%2frollup-linux-arm64-musl cache-miss
1005 http fetch GET 200 https://registry.npmjs.org/@esbuild%2flinux-mips64el 122ms (cache miss)
1006 silly packumentCache full:https://registry.npmjs.org/@esbuild%2flinux-mips64el set size:undefined disposed:false
1007 silly fetch manifest @rollup/rollup-android-arm-eabi@4.60.2
1008 silly packumentCache full:https://registry.npmjs.org/@rollup%2frollup-android-arm-eabi cache-miss
1009 http fetch GET 200 https://registry.npmjs.org/nanoid 113ms (cache miss)
1010 silly packumentCache full:https://registry.npmjs.org/nanoid set size:undefined disposed:false
1011 silly fetch manifest @rollup/rollup-linux-arm-gnueabihf@4.60.2
1012 silly packumentCache full:https://registry.npmjs.org/@rollup%2frollup-linux-arm-gnueabihf cache-miss
1013 http fetch GET 200 https://registry.npmjs.org/@rollup%2frollup-darwin-arm64 108ms (cache miss)
1014 silly packumentCache full:https://registry.npmjs.org/@rollup%2frollup-darwin-arm64 set size:undefined disposed:false
1015 silly fetch manifest @rollup/rollup-linux-arm-musleabihf@4.60.2
1016 silly packumentCache full:https://registry.npmjs.org/@rollup%2frollup-linux-arm-musleabihf cache-miss
1017 http fetch GET 200 https://registry.npmjs.org/@rollup%2frollup-win32-arm64-msvc 102ms (cache miss)
1018 silly packumentCache full:https://registry.npmjs.org/@rollup%2frollup-win32-arm64-msvc set size:undefined disposed:false
1019 silly fetch manifest @rollup/rollup-win32-ia32-msvc@4.60.2
1020 silly packumentCache full:https://registry.npmjs.org/@rollup%2frollup-win32-ia32-msvc cache-miss
1021 http fetch GET 200 https://registry.npmjs.org/@rollup%2frollup-linux-arm64-gnu 83ms (cache miss)
1022 silly packumentCache full:https://registry.npmjs.org/@rollup%2frollup-linux-arm64-gnu set size:undefined disposed:false
1023 silly fetch manifest @rollup/rollup-linux-loong64-gnu@4.60.2
1024 silly packumentCache full:https://registry.npmjs.org/@rollup%2frollup-linux-loong64-gnu cache-miss
1025 http fetch GET 200 https://registry.npmjs.org/@rollup%2frollup-linux-arm64-musl 85ms (cache miss)
1026 silly packumentCache full:https://registry.npmjs.org/@rollup%2frollup-linux-arm64-musl set size:undefined disposed:false
1027 silly fetch manifest @rollup/rollup-linux-loong64-musl@4.60.2
1028 silly packumentCache full:https://registry.npmjs.org/@rollup%2frollup-linux-loong64-musl cache-miss
1029 http fetch GET 200 https://registry.npmjs.org/@esbuild%2fandroid-x64 797ms (cache miss)
1030 silly packumentCache full:https://registry.npmjs.org/@esbuild%2fandroid-x64 set size:undefined disposed:false
1031 silly fetch manifest @rollup/rollup-linux-riscv64-gnu@4.60.2
1032 silly packumentCache full:https://registry.npmjs.org/@rollup%2frollup-linux-riscv64-gnu cache-miss
1033 http fetch GET 200 https://registry.npmjs.org/source-map-js 319ms (cache miss)
1034 silly packumentCache full:https://registry.npmjs.org/source-map-js set size:undefined disposed:false
1035 silly fetch manifest @rollup/rollup-linux-riscv64-musl@4.60.2
1036 silly packumentCache full:https://registry.npmjs.org/@rollup%2frollup-linux-riscv64-musl cache-miss
1037 http fetch GET 200 https://registry.npmjs.org/@types%2festree 334ms (cache miss)
1038 silly packumentCache full:https://registry.npmjs.org/@types%2festree set size:undefined disposed:false
1039 silly fetch manifest @rollup/rollup-linux-ppc64-gnu@4.60.2
1040 silly packumentCache full:https://registry.npmjs.org/@rollup%2frollup-linux-ppc64-gnu cache-miss
1041 http fetch GET 200 https://registry.npmjs.org/@rollup%2frollup-linux-loong64-gnu 223ms (cache miss)
1042 silly packumentCache full:https://registry.npmjs.org/@rollup%2frollup-linux-loong64-gnu set size:undefined disposed:false
1043 silly fetch manifest @rollup/rollup-linux-ppc64-musl@4.60.2
1044 silly packumentCache full:https://registry.npmjs.org/@rollup%2frollup-linux-ppc64-musl cache-miss
1045 http fetch GET 200 https://registry.npmjs.org/@rollup%2frollup-linux-loong64-musl 216ms (cache miss)
1046 silly packumentCache full:https://registry.npmjs.org/@rollup%2frollup-linux-loong64-musl set size:undefined disposed:false
1047 silly fetch manifest @rollup/rollup-linux-s390x-gnu@4.60.2
1048 silly packumentCache full:https://registry.npmjs.org/@rollup%2frollup-linux-s390x-gnu cache-miss
1049 http fetch GET 200 https://registry.npmjs.org/@rollup%2frollup-android-arm-eabi 317ms (cache miss)
1050 silly packumentCache full:https://registry.npmjs.org/@rollup%2frollup-android-arm-eabi set size:undefined disposed:false
1051 silly fetch manifest @rollup/rollup-darwin-x64@4.60.2
1052 silly packumentCache full:https://registry.npmjs.org/@rollup%2frollup-darwin-x64 cache-miss
1053 http fetch GET 200 https://registry.npmjs.org/@rollup%2frollup-linux-riscv64-gnu 237ms (cache miss)
1054 silly packumentCache full:https://registry.npmjs.org/@rollup%2frollup-linux-riscv64-gnu set size:undefined disposed:false
1055 silly fetch manifest @rollup/rollup-win32-x64-gnu@4.60.2
1056 silly packumentCache full:https://registry.npmjs.org/@rollup%2frollup-win32-x64-gnu cache-miss
1057 http fetch GET 200 https://registry.npmjs.org/@rollup%2frollup-linux-s390x-gnu 96ms (cache miss)
1058 silly packumentCache full:https://registry.npmjs.org/@rollup%2frollup-linux-s390x-gnu set size:undefined disposed:false
1059 silly fetch manifest @rollup/rollup-win32-x64-msvc@4.60.2
1060 silly packumentCache full:https://registry.npmjs.org/@rollup%2frollup-win32-x64-msvc cache-miss
1061 http fetch GET 200 https://registry.npmjs.org/@rollup%2frollup-android-arm64 501ms (cache miss)
1062 silly packumentCache full:https://registry.npmjs.org/@rollup%2frollup-android-arm64 set size:undefined disposed:false
1063 silly fetch manifest @rollup/rollup-freebsd-x64@4.60.2
1064 silly packumentCache full:https://registry.npmjs.org/@rollup%2frollup-freebsd-x64 cache-miss
1065 http fetch GET 200 https://registry.npmjs.org/@rollup%2frollup-darwin-x64 113ms (cache miss)
1066 silly packumentCache full:https://registry.npmjs.org/@rollup%2frollup-darwin-x64 set size:undefined disposed:false
1067 silly fetch manifest @rollup/rollup-linux-x64-gnu@4.60.2
1068 silly packumentCache full:https://registry.npmjs.org/@rollup%2frollup-linux-x64-gnu cache-miss
1069 http fetch GET 200 https://registry.npmjs.org/@rollup%2frollup-linux-ppc64-musl 206ms (cache miss)
1070 silly packumentCache full:https://registry.npmjs.org/@rollup%2frollup-linux-ppc64-musl set size:undefined disposed:false
1071 silly fetch manifest @rollup/rollup-linux-x64-musl@4.60.2
1072 silly packumentCache full:https://registry.npmjs.org/@rollup%2frollup-linux-x64-musl cache-miss
1073 http fetch GET 200 https://registry.npmjs.org/@rollup%2frollup-linux-arm-gnueabihf 538ms (cache miss)
1074 silly packumentCache full:https://registry.npmjs.org/@rollup%2frollup-linux-arm-gnueabihf set size:undefined disposed:false
1075 silly fetch manifest @rollup/rollup-openbsd-x64@4.60.2
1076 silly packumentCache full:https://registry.npmjs.org/@rollup%2frollup-openbsd-x64 cache-miss
1077 http fetch GET 200 https://registry.npmjs.org/@rollup%2frollup-freebsd-arm64 657ms (cache miss)
1078 silly packumentCache full:https://registry.npmjs.org/@rollup%2frollup-freebsd-arm64 set size:undefined disposed:false
1079 silly fetch manifest @rollup/rollup-openharmony-arm64@4.60.2
1080 silly packumentCache full:https://registry.npmjs.org/@rollup%2frollup-openharmony-arm64 cache-miss
1081 http fetch GET 200 https://registry.npmjs.org/@rollup%2frollup-linux-arm-musleabihf 650ms (cache miss)
1082 silly packumentCache full:https://registry.npmjs.org/@rollup%2frollup-linux-arm-musleabihf set size:undefined disposed:false
1083 http fetch GET 200 https://registry.npmjs.org/@rollup%2frollup-linux-x64-gnu 322ms (cache miss)
1084 silly packumentCache full:https://registry.npmjs.org/@rollup%2frollup-linux-x64-gnu set size:undefined disposed:false
1085 http fetch GET 200 https://registry.npmjs.org/@rollup%2frollup-win32-ia32-msvc 756ms (cache miss)
1086 silly packumentCache full:https://registry.npmjs.org/@rollup%2frollup-win32-ia32-msvc set size:undefined disposed:false
1087 http fetch GET 200 https://registry.npmjs.org/@rollup%2frollup-win32-x64-gnu 483ms (cache miss)
1088 silly packumentCache full:https://registry.npmjs.org/@rollup%2frollup-win32-x64-gnu set size:undefined disposed:false
1089 http fetch GET 200 https://registry.npmjs.org/@rollup%2frollup-freebsd-x64 476ms (cache miss)
1090 silly packumentCache full:https://registry.npmjs.org/@rollup%2frollup-freebsd-x64 set size:undefined disposed:false
1091 http fetch GET 200 https://registry.npmjs.org/@rollup%2frollup-openbsd-x64 371ms (cache miss)
1092 silly packumentCache full:https://registry.npmjs.org/@rollup%2frollup-openbsd-x64 set size:undefined disposed:false
1093 http fetch GET 200 https://registry.npmjs.org/@rollup%2frollup-linux-riscv64-musl 721ms (cache miss)
1094 silly packumentCache full:https://registry.npmjs.org/@rollup%2frollup-linux-riscv64-musl set size:undefined disposed:false
1095 http fetch GET 200 https://registry.npmjs.org/@rollup%2frollup-openharmony-arm64 365ms (cache miss)
1096 silly packumentCache full:https://registry.npmjs.org/@rollup%2frollup-openharmony-arm64 set size:undefined disposed:false
1097 http fetch GET 200 https://registry.npmjs.org/@rollup%2frollup-linux-ppc64-gnu 737ms (cache miss)
1098 silly packumentCache full:https://registry.npmjs.org/@rollup%2frollup-linux-ppc64-gnu set size:undefined disposed:false
1099 http fetch GET 200 https://registry.npmjs.org/@rollup%2frollup-linux-x64-musl 682ms (cache miss)
1100 silly packumentCache full:https://registry.npmjs.org/@rollup%2frollup-linux-x64-musl set size:undefined disposed:false
1101 http fetch GET 200 https://registry.npmjs.org/@rollup%2frollup-win32-x64-msvc 852ms (cache miss)
1102 silly packumentCache full:https://registry.npmjs.org/@rollup%2frollup-win32-x64-msvc set size:undefined disposed:false
1103 silly placeDep ROOT @esbuild/aix-ppc64@0.21.5 OK for: esbuild@0.21.5 want: 0.21.5
1104 silly placeDep ROOT @esbuild/android-arm@0.21.5 OK for: esbuild@0.21.5 want: 0.21.5
1105 silly placeDep ROOT @esbuild/android-arm64@0.21.5 OK for: esbuild@0.21.5 want: 0.21.5
1106 silly placeDep ROOT @esbuild/android-x64@0.21.5 OK for: esbuild@0.21.5 want: 0.21.5
1107 silly placeDep ROOT @esbuild/darwin-arm64@0.21.5 OK for: esbuild@0.21.5 want: 0.21.5
1108 silly placeDep ROOT @esbuild/darwin-x64@0.21.5 OK for: esbuild@0.21.5 want: 0.21.5
1109 silly placeDep ROOT @esbuild/freebsd-arm64@0.21.5 OK for: esbuild@0.21.5 want: 0.21.5
1110 silly placeDep ROOT @esbuild/freebsd-x64@0.21.5 OK for: esbuild@0.21.5 want: 0.21.5
1111 silly placeDep ROOT @esbuild/linux-arm@0.21.5 OK for: esbuild@0.21.5 want: 0.21.5
1112 silly placeDep ROOT @esbuild/linux-arm64@0.21.5 OK for: esbuild@0.21.5 want: 0.21.5
1113 silly placeDep ROOT @esbuild/linux-ia32@0.21.5 OK for: esbuild@0.21.5 want: 0.21.5
1114 silly placeDep ROOT @esbuild/linux-loong64@0.21.5 OK for: esbuild@0.21.5 want: 0.21.5
1115 silly placeDep ROOT @esbuild/linux-mips64el@0.21.5 OK for: esbuild@0.21.5 want: 0.21.5
1116 silly placeDep ROOT @esbuild/linux-ppc64@0.21.5 OK for: esbuild@0.21.5 want: 0.21.5
1117 silly placeDep ROOT @esbuild/linux-riscv64@0.21.5 OK for: esbuild@0.21.5 want: 0.21.5
1118 silly placeDep ROOT @esbuild/linux-s390x@0.21.5 OK for: esbuild@0.21.5 want: 0.21.5
1119 silly placeDep ROOT @esbuild/linux-x64@0.21.5 OK for: esbuild@0.21.5 want: 0.21.5
1120 silly placeDep ROOT @esbuild/netbsd-x64@0.21.5 OK for: esbuild@0.21.5 want: 0.21.5
1121 silly placeDep ROOT @esbuild/openbsd-x64@0.21.5 OK for: esbuild@0.21.5 want: 0.21.5
1122 silly placeDep ROOT @esbuild/sunos-x64@0.21.5 OK for: esbuild@0.21.5 want: 0.21.5
1123 silly placeDep ROOT @esbuild/win32-arm64@0.21.5 OK for: esbuild@0.21.5 want: 0.21.5
1124 silly placeDep ROOT @esbuild/win32-ia32@0.21.5 OK for: esbuild@0.21.5 want: 0.21.5
1125 silly placeDep ROOT @esbuild/win32-x64@0.21.5 OK for: esbuild@0.21.5 want: 0.21.5
1126 silly placeDep ROOT nanoid@3.3.11 OK for: postcss@8.5.10 want: ^3.3.11
1127 silly placeDep ROOT source-map-js@1.2.1 OK for: postcss@8.5.10 want: ^1.2.1
1128 silly placeDep ROOT @rollup/rollup-android-arm-eabi@4.60.2 OK for: rollup@4.60.2 want: 4.60.2
1129 silly placeDep ROOT @rollup/rollup-android-arm64@4.60.2 OK for: rollup@4.60.2 want: 4.60.2
1130 silly placeDep ROOT @rollup/rollup-darwin-arm64@4.60.2 OK for: rollup@4.60.2 want: 4.60.2
1131 silly placeDep ROOT @rollup/rollup-darwin-x64@4.60.2 OK for: rollup@4.60.2 want: 4.60.2
1132 silly placeDep ROOT @rollup/rollup-freebsd-arm64@4.60.2 OK for: rollup@4.60.2 want: 4.60.2
1133 silly placeDep ROOT @rollup/rollup-freebsd-x64@4.60.2 OK for: rollup@4.60.2 want: 4.60.2
1134 silly placeDep ROOT @rollup/rollup-linux-arm-gnueabihf@4.60.2 OK for: rollup@4.60.2 want: 4.60.2
1135 silly placeDep ROOT @rollup/rollup-linux-arm-musleabihf@4.60.2 OK for: rollup@4.60.2 want: 4.60.2
1136 silly placeDep ROOT @rollup/rollup-linux-arm64-gnu@4.60.2 OK for: rollup@4.60.2 want: 4.60.2
1137 silly placeDep ROOT @rollup/rollup-linux-arm64-musl@4.60.2 OK for: rollup@4.60.2 want: 4.60.2
1138 silly placeDep ROOT @rollup/rollup-linux-loong64-gnu@4.60.2 OK for: rollup@4.60.2 want: 4.60.2
1139 silly placeDep ROOT @rollup/rollup-linux-loong64-musl@4.60.2 OK for: rollup@4.60.2 want: 4.60.2
1140 silly placeDep ROOT @rollup/rollup-linux-ppc64-gnu@4.60.2 OK for: rollup@4.60.2 want: 4.60.2
1141 silly placeDep ROOT @rollup/rollup-linux-ppc64-musl@4.60.2 OK for: rollup@4.60.2 want: 4.60.2
1142 silly placeDep ROOT @rollup/rollup-linux-riscv64-gnu@4.60.2 OK for: rollup@4.60.2 want: 4.60.2
1143 silly placeDep ROOT @rollup/rollup-linux-riscv64-musl@4.60.2 OK for: rollup@4.60.2 want: 4.60.2
1144 silly placeDep ROOT @rollup/rollup-linux-s390x-gnu@4.60.2 OK for: rollup@4.60.2 want: 4.60.2
1145 silly placeDep ROOT @rollup/rollup-linux-x64-gnu@4.60.2 OK for: rollup@4.60.2 want: 4.60.2
1146 silly placeDep ROOT @rollup/rollup-linux-x64-musl@4.60.2 OK for: rollup@4.60.2 want: 4.60.2
1147 silly placeDep ROOT @rollup/rollup-openbsd-x64@4.60.2 OK for: rollup@4.60.2 want: 4.60.2
1148 silly placeDep ROOT @rollup/rollup-openharmony-arm64@4.60.2 OK for: rollup@4.60.2 want: 4.60.2
1149 silly placeDep ROOT @rollup/rollup-win32-arm64-msvc@4.60.2 OK for: rollup@4.60.2 want: 4.60.2
1150 silly placeDep ROOT @rollup/rollup-win32-ia32-msvc@4.60.2 OK for: rollup@4.60.2 want: 4.60.2
1151 silly placeDep ROOT @rollup/rollup-win32-x64-gnu@4.60.2 OK for: rollup@4.60.2 want: 4.60.2
1152 silly placeDep ROOT @rollup/rollup-win32-x64-msvc@4.60.2 OK for: rollup@4.60.2 want: 4.60.2
1153 silly placeDep ROOT @types/estree@1.0.8 OK for: rollup@4.60.2 want: 1.0.8
1154 silly reify moves {}
1155 silly audit bulk request {
1155 silly audit   '@emotion/react': [ '11.14.0' ],
1155 silly audit   react: [ '18.3.1' ],
1155 silly audit   '@emotion/styled': [ '11.14.1' ],
1155 silly audit   '@mui/icons-material': [ '5.18.0' ],
1155 silly audit   '@mui/material': [ '5.18.0' ],
1155 silly audit   'react-dom': [ '18.3.1' ],
1155 silly audit   '@types/react': [ '18.3.28' ],
1155 silly audit   '@types/react-dom': [ '18.3.7' ],
1155 silly audit   '@vitejs/plugin-react': [ '4.7.0' ],
1155 silly audit   vite: [ '5.4.21' ],
1155 silly audit   axios: [ '1.15.1' ],
1155 silly audit   dayjs: [ '1.11.20' ],
1155 silly audit   'react-router-dom': [ '6.30.3' ],
1155 silly audit   typescript: [ '5.9.3' ],
1155 silly audit   '@babel/runtime': [ '7.29.2' ],
1155 silly audit   '@emotion/babel-plugin': [ '11.13.5' ],
1155 silly audit   '@emotion/cache': [ '11.14.0' ],
1155 silly audit   '@emotion/serialize': [ '1.3.3' ],
1155 silly audit   '@emotion/use-insertion-effect-with-fallbacks': [ '1.2.0' ],
1155 silly audit   '@emotion/utils': [ '1.4.2' ],
1155 silly audit   '@emotion/weak-memoize': [ '0.4.0' ],
1155 silly audit   'hoist-non-react-statics': [ '3.3.2' ],
1155 silly audit   '@babel/helper-module-imports': [ '7.28.6' ],
1155 silly audit   '@emotion/hash': [ '0.9.2' ],
1155 silly audit   '@emotion/memoize': [ '0.9.0' ],
1155 silly audit   'babel-plugin-macros': [ '3.1.0' ],
1155 silly audit   'convert-source-map': [ '1.9.0', '2.0.0' ],
1155 silly audit   'escape-string-regexp': [ '4.0.0' ],
1155 silly audit   'find-root': [ '1.1.0' ],
1155 silly audit   'source-map': [ '0.5.7' ],
1155 silly audit   stylis: [ '4.2.0' ],
1155 silly audit   '@babel/traverse': [ '7.29.0' ],
1155 silly audit   '@babel/types': [ '7.29.0' ],
1155 silly audit   '@babel/code-frame': [ '7.29.0' ],
1155 silly audit   '@babel/generator': [ '7.29.1' ],
1155 silly audit   '@babel/helper-globals': [ '7.28.0' ],
1155 silly audit   '@babel/parser': [ '7.29.2' ],
1155 silly audit   '@babel/template': [ '7.28.6' ],
1155 silly audit   debug: [ '4.4.3' ],
1155 silly audit   '@babel/helper-validator-identifier': [ '7.28.5' ],
1155 silly audit   'js-tokens': [ '4.0.0' ],
1155 silly audit   picocolors: [ '1.1.1' ],
1155 silly audit   '@jridgewell/gen-mapping': [ '0.3.13' ],
1155 silly audit   '@jridgewell/trace-mapping': [ '0.3.31' ],
1155 silly audit   jsesc: [ '3.1.0' ],
1155 silly audit   '@babel/helper-string-parser': [ '7.27.1' ],
1155 silly audit   '@emotion/sheet': [ '1.4.0' ],
1155 silly audit   '@emotion/unitless': [ '0.10.0' ],
1155 silly audit   csstype: [ '3.2.3' ],
1155 silly audit   '@emotion/is-prop-valid': [ '1.4.0' ],
1155 silly audit   '@jridgewell/sourcemap-codec': [ '1.5.5' ],
1155 silly audit   '@jridgewell/resolve-uri': [ '3.1.2' ],
1155 silly audit   '@mui/core-downloads-tracker': [ '5.18.0' ],
1155 silly audit   '@mui/system': [ '5.18.0' ],
1155 silly audit   '@mui/types': [ '7.2.24' ],
1155 silly audit   '@mui/utils': [ '5.17.1' ],
1155 silly audit   '@popperjs/core': [ '2.11.8' ],
1155 silly audit   '@types/react-transition-group': [ '4.4.12' ],
1155 silly audit   clsx: [ '2.1.1' ],
1155 silly audit   'prop-types': [ '15.8.1' ],
1155 silly audit   'react-is': [ '19.2.5', '16.13.1' ],
1155 silly audit   'react-transition-group': [ '4.4.5' ],
1155 silly audit   '@mui/private-theming': [ '5.17.1' ],
1155 silly audit   '@mui/styled-engine': [ '5.18.0' ],
1155 silly audit   '@types/prop-types': [ '15.7.15' ],
1155 silly audit   '@babel/core': [ '7.29.0' ],
1155 silly audit   '@babel/plugin-transform-react-jsx-self': [ '7.27.1' ],
1155 silly audit   '@babel/plugin-transform-react-jsx-source': [ '7.27.1' ],
1155 silly audit   '@rolldown/pluginutils': [ '1.0.0-beta.27' ],
1155 silly audit   '@types/babel__core': [ '7.20.5' ],
1155 silly audit   'react-refresh': [ '0.17.0' ],
1155 silly audit   '@babel/helper-compilation-targets': [ '7.28.6' ],
1155 silly audit   '@babel/helper-module-transforms': [ '7.28.6' ],
1155 silly audit   '@babel/helpers': [ '7.29.2' ],
1155 silly audit   '@jridgewell/remapping': [ '2.3.5' ],
1155 silly audit   gensync: [ '1.0.0-beta.2' ],
1155 silly audit   json5: [ '2.2.3' ],
1155 silly audit   semver: [ '6.3.1' ],
1155 silly audit   '@babel/compat-data': [ '7.29.0' ],
1155 silly audit   '@babel/helper-validator-option': [ '7.27.1' ],
1155 silly audit   browserslist: [ '4.28.2' ],
1155 silly audit   'lru-cache': [ '5.1.1' ],
1155 silly audit   '@babel/helper-plugin-utils': [ '7.28.6' ],
1155 silly audit   '@types/babel__generator': [ '7.27.0' ],
1155 silly audit   '@types/babel__template': [ '7.4.4' ],
1155 silly audit   '@types/babel__traverse': [ '7.28.0' ],
1155 silly audit   'follow-redirects': [ '1.16.0' ],
1155 silly audit   'form-data': [ '4.0.5' ],
1155 silly audit   'proxy-from-env': [ '2.1.0' ],
1155 silly audit   cosmiconfig: [ '7.1.0' ],
1155 silly audit   resolve: [ '1.22.12' ],
1155 silly audit   'baseline-browser-mapping': [ '2.10.20' ],
1155 silly audit   'caniuse-lite': [ '1.0.30001788' ],
1155 silly audit   'electron-to-chromium': [ '1.5.340' ],
1155 silly audit   'node-releases': [ '2.0.37' ],
1155 silly audit   'update-browserslist-db': [ '1.2.3' ],
1155 silly audit   '@types/parse-json': [ '4.0.2' ],
1155 silly audit   'import-fresh': [ '3.3.1' ],
1155 silly audit   'parse-json': [ '5.2.0' ],
1155 silly audit   'path-type': [ '4.0.0' ],
1155 silly audit   yaml: [ '1.10.3' ],
1155 silly audit   ms: [ '2.1.3' ],
1155 silly audit   asynckit: [ '0.4.0' ],
1155 silly audit   'combined-stream': [ '1.0.8' ],
1155 silly audit   'es-set-tostringtag': [ '2.1.0' ],
1155 silly audit   hasown: [ '2.0.3' ],
1155 silly audit   'mime-types': [ '2.1.35' ],
1155 silly audit   'delayed-stream': [ '1.0.0' ],
1155 silly audit   'es-errors': [ '1.3.0' ],
1155 silly audit   'get-intrinsic': [ '1.3.0' ],
1155 silly audit   'has-tostringtag': [ '1.0.2' ],
1155 silly audit   'call-bind-apply-helpers': [ '1.0.2' ],
1155 silly audit   'es-define-property': [ '1.0.1' ],
1155 silly audit   'es-object-atoms': [ '1.1.1' ],
1155 silly audit   'function-bind': [ '1.1.2' ],
1155 silly audit   'get-proto': [ '1.0.1' ],
1155 silly audit   gopd: [ '1.2.0' ],
1155 silly audit   'has-symbols': [ '1.1.0' ],
1155 silly audit   'math-intrinsics': [ '1.1.0' ],
1155 silly audit   'dunder-proto': [ '1.0.1' ],
1155 silly audit   'parent-module': [ '1.0.1' ],
1155 silly audit   'resolve-from': [ '4.0.0' ],
1155 silly audit   yallist: [ '3.1.1' ],
1155 silly audit   'mime-db': [ '1.52.0' ],
1155 silly audit   callsites: [ '3.1.0' ],
1155 silly audit   'error-ex': [ '1.3.4' ],
1155 silly audit   'json-parse-even-better-errors': [ '2.3.1' ],
1155 silly audit   'lines-and-columns': [ '1.2.4' ],
1155 silly audit   'is-arrayish': [ '0.2.1' ],
1155 silly audit   'loose-envify': [ '1.4.0' ],
1155 silly audit   'object-assign': [ '4.1.1' ],
1155 silly audit   scheduler: [ '0.23.2' ],
1155 silly audit   '@remix-run/router': [ '1.23.2' ],
1155 silly audit   'react-router': [ '6.30.3' ],
1155 silly audit   'dom-helpers': [ '5.2.1' ],
1155 silly audit   'is-core-module': [ '2.16.1' ],
1155 silly audit   'path-parse': [ '1.0.7' ],
1155 silly audit   'supports-preserve-symlinks-flag': [ '1.0.0' ],
1155 silly audit   escalade: [ '3.2.0' ],
1155 silly audit   esbuild: [ '0.21.5' ],
1155 silly audit   fsevents: [ '2.3.3' ],
1155 silly audit   postcss: [ '8.5.10' ],
1155 silly audit   rollup: [ '4.60.2' ],
1155 silly audit   '@esbuild/aix-ppc64': [ '0.21.5' ],
1155 silly audit   '@esbuild/android-arm': [ '0.21.5' ],
1155 silly audit   '@esbuild/android-arm64': [ '0.21.5' ],
1155 silly audit   '@esbuild/android-x64': [ '0.21.5' ],
1155 silly audit   '@esbuild/darwin-arm64': [ '0.21.5' ],
1155 silly audit   '@esbuild/darwin-x64': [ '0.21.5' ],
1155 silly audit   '@esbuild/freebsd-arm64': [ '0.21.5' ],
1155 silly audit   '@esbuild/freebsd-x64': [ '0.21.5' ],
1155 silly audit   '@esbuild/linux-arm': [ '0.21.5' ],
1155 silly audit   '@esbuild/linux-arm64': [ '0.21.5' ],
1155 silly audit   '@esbuild/linux-ia32': [ '0.21.5' ],
1155 silly audit   '@esbuild/linux-loong64': [ '0.21.5' ],
1155 silly audit   '@esbuild/linux-mips64el': [ '0.21.5' ],
1155 silly audit   '@esbuild/linux-ppc64': [ '0.21.5' ],
1155 silly audit   '@esbuild/linux-riscv64': [ '0.21.5' ],
1155 silly audit   '@esbuild/linux-s390x': [ '0.21.5' ],
1155 silly audit   '@esbuild/linux-x64': [ '0.21.5' ],
1155 silly audit   '@esbuild/netbsd-x64': [ '0.21.5' ],
1155 silly audit   '@esbuild/openbsd-x64': [ '0.21.5' ],
1155 silly audit   '@esbuild/sunos-x64': [ '0.21.5' ],
1155 silly audit   '@esbuild/win32-arm64': [ '0.21.5' ],
1155 silly audit   '@esbuild/win32-ia32': [ '0.21.5' ],
1155 silly audit   '@esbuild/win32-x64': [ '0.21.5' ],
1155 silly audit   nanoid: [ '3.3.11' ],
1155 silly audit   'source-map-js': [ '1.2.1' ],
1155 silly audit   '@rollup/rollup-android-arm-eabi': [ '4.60.2' ],
1155 silly audit   '@rollup/rollup-android-arm64': [ '4.60.2' ],
1155 silly audit   '@rollup/rollup-darwin-arm64': [ '4.60.2' ],
1155 silly audit   '@rollup/rollup-darwin-x64': [ '4.60.2' ],
1155 silly audit   '@rollup/rollup-freebsd-arm64': [ '4.60.2' ],
1155 silly audit   '@rollup/rollup-freebsd-x64': [ '4.60.2' ],
1155 silly audit   '@rollup/rollup-linux-arm-gnueabihf': [ '4.60.2' ],
1155 silly audit   '@rollup/rollup-linux-arm-musleabihf': [ '4.60.2' ],
1155 silly audit   '@rollup/rollup-linux-arm64-gnu': [ '4.60.2' ],
1155 silly audit   '@rollup/rollup-linux-arm64-musl': [ '4.60.2' ],
1155 silly audit   '@rollup/rollup-linux-loong64-gnu': [ '4.60.2' ],
1155 silly audit   '@rollup/rollup-linux-loong64-musl': [ '4.60.2' ],
1155 silly audit   '@rollup/rollup-linux-ppc64-gnu': [ '4.60.2' ],
1155 silly audit   '@rollup/rollup-linux-ppc64-musl': [ '4.60.2' ],
1155 silly audit   '@rollup/rollup-linux-riscv64-gnu': [ '4.60.2' ],
1155 silly audit   '@rollup/rollup-linux-riscv64-musl': [ '4.60.2' ],
1155 silly audit   '@rollup/rollup-linux-s390x-gnu': [ '4.60.2' ],
1155 silly audit   '@rollup/rollup-linux-x64-gnu': [ '4.60.2' ],
1155 silly audit   '@rollup/rollup-linux-x64-musl': [ '4.60.2' ],
1155 silly audit   '@rollup/rollup-openbsd-x64': [ '4.60.2' ],
1155 silly audit   '@rollup/rollup-openharmony-arm64': [ '4.60.2' ],
1155 silly audit   '@rollup/rollup-win32-arm64-msvc': [ '4.60.2' ],
1155 silly audit   '@rollup/rollup-win32-ia32-msvc': [ '4.60.2' ],
1155 silly audit   '@rollup/rollup-win32-x64-gnu': [ '4.60.2' ],
1155 silly audit   '@rollup/rollup-win32-x64-msvc': [ '4.60.2' ],
1155 silly audit   '@types/estree': [ '1.0.8' ]
1155 silly audit }
1156 verbose reify failed optional dependency C:\Users\venka\OneDrive\Desktop\Attendance\frontend\node_modules\@rollup\rollup-win32-ia32-msvc
1157 silly reify mark deleted [
1157 silly reify   'C:\\Users\\venka\\OneDrive\\Desktop\\Attendance\\frontend\\node_modules\\@rollup\\rollup-win32-ia32-msvc'
1157 silly reify ]
1158 verbose reify failed optional dependency C:\Users\venka\OneDrive\Desktop\Attendance\frontend\node_modules\@rollup\rollup-win32-arm64-msvc
1159 silly reify mark deleted [
1159 silly reify   'C:\\Users\\venka\\OneDrive\\Desktop\\Attendance\\frontend\\node_modules\\@rollup\\rollup-win32-arm64-msvc'
1159 silly reify ]
1160 verbose reify failed optional dependency C:\Users\venka\OneDrive\Desktop\Attendance\frontend\node_modules\@rollup\rollup-openharmony-arm64
1161 silly reify mark deleted [
1161 silly reify   'C:\\Users\\venka\\OneDrive\\Desktop\\Attendance\\frontend\\node_modules\\@rollup\\rollup-openharmony-arm64'
1161 silly reify ]
1162 verbose reify failed optional dependency C:\Users\venka\OneDrive\Desktop\Attendance\frontend\node_modules\@rollup\rollup-openbsd-x64
1163 silly reify mark deleted [
1163 silly reify   'C:\\Users\\venka\\OneDrive\\Desktop\\Attendance\\frontend\\node_modules\\@rollup\\rollup-openbsd-x64'
1163 silly reify ]
1164 verbose reify failed optional dependency C:\Users\venka\OneDrive\Desktop\Attendance\frontend\node_modules\@rollup\rollup-linux-x64-musl
1165 silly reify mark deleted [
1165 silly reify   'C:\\Users\\venka\\OneDrive\\Desktop\\Attendance\\frontend\\node_modules\\@rollup\\rollup-linux-x64-musl'
1165 silly reify ]
1166 verbose reify failed optional dependency C:\Users\venka\OneDrive\Desktop\Attendance\frontend\node_modules\@rollup\rollup-linux-x64-gnu
1167 silly reify mark deleted [
1167 silly reify   'C:\\Users\\venka\\OneDrive\\Desktop\\Attendance\\frontend\\node_modules\\@rollup\\rollup-linux-x64-gnu'
1167 silly reify ]
1168 verbose reify failed optional dependency C:\Users\venka\OneDrive\Desktop\Attendance\frontend\node_modules\@rollup\rollup-linux-s390x-gnu
1169 silly reify mark deleted [
1169 silly reify   'C:\\Users\\venka\\OneDrive\\Desktop\\Attendance\\frontend\\node_modules\\@rollup\\rollup-linux-s390x-gnu'
1169 silly reify ]
1170 verbose reify failed optional dependency C:\Users\venka\OneDrive\Desktop\Attendance\frontend\node_modules\@rollup\rollup-linux-riscv64-musl
1171 silly reify mark deleted [
1171 silly reify   'C:\\Users\\venka\\OneDrive\\Desktop\\Attendance\\frontend\\node_modules\\@rollup\\rollup-linux-riscv64-musl'
1171 silly reify ]
1172 verbose reify failed optional dependency C:\Users\venka\OneDrive\Desktop\Attendance\frontend\node_modules\@rollup\rollup-linux-riscv64-gnu
1173 silly reify mark deleted [
1173 silly reify   'C:\\Users\\venka\\OneDrive\\Desktop\\Attendance\\frontend\\node_modules\\@rollup\\rollup-linux-riscv64-gnu'
1173 silly reify ]
1174 verbose reify failed optional dependency C:\Users\venka\OneDrive\Desktop\Attendance\frontend\node_modules\@rollup\rollup-linux-ppc64-musl
1175 silly reify mark deleted [
1175 silly reify   'C:\\Users\\venka\\OneDrive\\Desktop\\Attendance\\frontend\\node_modules\\@rollup\\rollup-linux-ppc64-musl'
1175 silly reify ]
1176 verbose reify failed optional dependency C:\Users\venka\OneDrive\Desktop\Attendance\frontend\node_modules\@rollup\rollup-linux-ppc64-gnu
1177 silly reify mark deleted [
1177 silly reify   'C:\\Users\\venka\\OneDrive\\Desktop\\Attendance\\frontend\\node_modules\\@rollup\\rollup-linux-ppc64-gnu'
1177 silly reify ]
1178 verbose reify failed optional dependency C:\Users\venka\OneDrive\Desktop\Attendance\frontend\node_modules\@rollup\rollup-linux-loong64-musl
1179 silly reify mark deleted [
1179 silly reify   'C:\\Users\\venka\\OneDrive\\Desktop\\Attendance\\frontend\\node_modules\\@rollup\\rollup-linux-loong64-musl'
1179 silly reify ]
1180 verbose reify failed optional dependency C:\Users\venka\OneDrive\Desktop\Attendance\frontend\node_modules\@rollup\rollup-linux-loong64-gnu
1181 silly reify mark deleted [
1181 silly reify   'C:\\Users\\venka\\OneDrive\\Desktop\\Attendance\\frontend\\node_modules\\@rollup\\rollup-linux-loong64-gnu'
1181 silly reify ]
1182 verbose reify failed optional dependency C:\Users\venka\OneDrive\Desktop\Attendance\frontend\node_modules\@rollup\rollup-linux-arm64-musl
1183 silly reify mark deleted [
1183 silly reify   'C:\\Users\\venka\\OneDrive\\Desktop\\Attendance\\frontend\\node_modules\\@rollup\\rollup-linux-arm64-musl'
1183 silly reify ]
1184 verbose reify failed optional dependency C:\Users\venka\OneDrive\Desktop\Attendance\frontend\node_modules\@rollup\rollup-linux-arm64-gnu
1185 silly reify mark deleted [
1185 silly reify   'C:\\Users\\venka\\OneDrive\\Desktop\\Attendance\\frontend\\node_modules\\@rollup\\rollup-linux-arm64-gnu'
1185 silly reify ]
1186 verbose reify failed optional dependency C:\Users\venka\OneDrive\Desktop\Attendance\frontend\node_modules\@rollup\rollup-linux-arm-musleabihf
1187 silly reify mark deleted [
1187 silly reify   'C:\\Users\\venka\\OneDrive\\Desktop\\Attendance\\frontend\\node_modules\\@rollup\\rollup-linux-arm-musleabihf'
1187 silly reify ]
1188 verbose reify failed optional dependency C:\Users\venka\OneDrive\Desktop\Attendance\frontend\node_modules\@rollup\rollup-linux-arm-gnueabihf
1189 silly reify mark deleted [
1189 silly reify   'C:\\Users\\venka\\OneDrive\\Desktop\\Attendance\\frontend\\node_modules\\@rollup\\rollup-linux-arm-gnueabihf'
1189 silly reify ]
1190 verbose reify failed optional dependency C:\Users\venka\OneDrive\Desktop\Attendance\frontend\node_modules\@rollup\rollup-freebsd-x64
1191 silly reify mark deleted [
1191 silly reify   'C:\\Users\\venka\\OneDrive\\Desktop\\Attendance\\frontend\\node_modules\\@rollup\\rollup-freebsd-x64'
1191 silly reify ]
1192 verbose reify failed optional dependency C:\Users\venka\OneDrive\Desktop\Attendance\frontend\node_modules\@rollup\rollup-freebsd-arm64
1193 silly reify mark deleted [
1193 silly reify   'C:\\Users\\venka\\OneDrive\\Desktop\\Attendance\\frontend\\node_modules\\@rollup\\rollup-freebsd-arm64'
1193 silly reify ]
1194 verbose reify failed optional dependency C:\Users\venka\OneDrive\Desktop\Attendance\frontend\node_modules\@rollup\rollup-darwin-x64
1195 silly reify mark deleted [
1195 silly reify   'C:\\Users\\venka\\OneDrive\\Desktop\\Attendance\\frontend\\node_modules\\@rollup\\rollup-darwin-x64'
1195 silly reify ]
1196 verbose reify failed optional dependency C:\Users\venka\OneDrive\Desktop\Attendance\frontend\node_modules\@rollup\rollup-darwin-arm64
1197 silly reify mark deleted [
1197 silly reify   'C:\\Users\\venka\\OneDrive\\Desktop\\Attendance\\frontend\\node_modules\\@rollup\\rollup-darwin-arm64'
1197 silly reify ]
1198 verbose reify failed optional dependency C:\Users\venka\OneDrive\Desktop\Attendance\frontend\node_modules\@rollup\rollup-android-arm64
1199 silly reify mark deleted [
1199 silly reify   'C:\\Users\\venka\\OneDrive\\Desktop\\Attendance\\frontend\\node_modules\\@rollup\\rollup-android-arm64'
1199 silly reify ]
1200 verbose reify failed optional dependency C:\Users\venka\OneDrive\Desktop\Attendance\frontend\node_modules\@rollup\rollup-android-arm-eabi
1201 silly reify mark deleted [
1201 silly reify   'C:\\Users\\venka\\OneDrive\\Desktop\\Attendance\\frontend\\node_modules\\@rollup\\rollup-android-arm-eabi'
1201 silly reify ]
1202 verbose reify failed optional dependency C:\Users\venka\OneDrive\Desktop\Attendance\frontend\node_modules\@esbuild\win32-ia32
1203 silly reify mark deleted [
1203 silly reify   'C:\\Users\\venka\\OneDrive\\Desktop\\Attendance\\frontend\\node_modules\\@esbuild\\win32-ia32'
1203 silly reify ]
1204 verbose reify failed optional dependency C:\Users\venka\OneDrive\Desktop\Attendance\frontend\node_modules\@esbuild\win32-arm64
1205 silly reify mark deleted [
1205 silly reify   'C:\\Users\\venka\\OneDrive\\Desktop\\Attendance\\frontend\\node_modules\\@esbuild\\win32-arm64'
1205 silly reify ]
1206 verbose reify failed optional dependency C:\Users\venka\OneDrive\Desktop\Attendance\frontend\node_modules\@esbuild\sunos-x64
1207 silly reify mark deleted [
1207 silly reify   'C:\\Users\\venka\\OneDrive\\Desktop\\Attendance\\frontend\\node_modules\\@esbuild\\sunos-x64'
1207 silly reify ]
1208 verbose reify failed optional dependency C:\Users\venka\OneDrive\Desktop\Attendance\frontend\node_modules\@esbuild\openbsd-x64
1209 silly reify mark deleted [
1209 silly reify   'C:\\Users\\venka\\OneDrive\\Desktop\\Attendance\\frontend\\node_modules\\@esbuild\\openbsd-x64'
1209 silly reify ]
1210 verbose reify failed optional dependency C:\Users\venka\OneDrive\Desktop\Attendance\frontend\node_modules\@esbuild\netbsd-x64
1211 silly reify mark deleted [
1211 silly reify   'C:\\Users\\venka\\OneDrive\\Desktop\\Attendance\\frontend\\node_modules\\@esbuild\\netbsd-x64'
1211 silly reify ]
1212 verbose reify failed optional dependency C:\Users\venka\OneDrive\Desktop\Attendance\frontend\node_modules\@esbuild\linux-x64
1213 silly reify mark deleted [
1213 silly reify   'C:\\Users\\venka\\OneDrive\\Desktop\\Attendance\\frontend\\node_modules\\@esbuild\\linux-x64'
1213 silly reify ]
1214 verbose reify failed optional dependency C:\Users\venka\OneDrive\Desktop\Attendance\frontend\node_modules\@esbuild\linux-s390x
1215 silly reify mark deleted [
1215 silly reify   'C:\\Users\\venka\\OneDrive\\Desktop\\Attendance\\frontend\\node_modules\\@esbuild\\linux-s390x'
1215 silly reify ]
1216 verbose reify failed optional dependency C:\Users\venka\OneDrive\Desktop\Attendance\frontend\node_modules\@esbuild\linux-riscv64
1217 silly reify mark deleted [
1217 silly reify   'C:\\Users\\venka\\OneDrive\\Desktop\\Attendance\\frontend\\node_modules\\@esbuild\\linux-riscv64'
1217 silly reify ]
1218 verbose reify failed optional dependency C:\Users\venka\OneDrive\Desktop\Attendance\frontend\node_modules\@esbuild\linux-ppc64
1219 silly reify mark deleted [
1219 silly reify   'C:\\Users\\venka\\OneDrive\\Desktop\\Attendance\\frontend\\node_modules\\@esbuild\\linux-ppc64'
1219 silly reify ]
1220 verbose reify failed optional dependency C:\Users\venka\OneDrive\Desktop\Attendance\frontend\node_modules\@esbuild\linux-mips64el
1221 silly reify mark deleted [
1221 silly reify   'C:\\Users\\venka\\OneDrive\\Desktop\\Attendance\\frontend\\node_modules\\@esbuild\\linux-mips64el'
1221 silly reify ]
1222 verbose reify failed optional dependency C:\Users\venka\OneDrive\Desktop\Attendance\frontend\node_modules\@esbuild\linux-loong64
1223 silly reify mark deleted [
1223 silly reify   'C:\\Users\\venka\\OneDrive\\Desktop\\Attendance\\frontend\\node_modules\\@esbuild\\linux-loong64'
1223 silly reify ]
1224 verbose reify failed optional dependency C:\Users\venka\OneDrive\Desktop\Attendance\frontend\node_modules\@esbuild\linux-ia32
1225 silly reify mark deleted [
1225 silly reify   'C:\\Users\\venka\\OneDrive\\Desktop\\Attendance\\frontend\\node_modules\\@esbuild\\linux-ia32'
1225 silly reify ]
1226 verbose reify failed optional dependency C:\Users\venka\OneDrive\Desktop\Attendance\frontend\node_modules\@esbuild\linux-arm64
1227 silly reify mark deleted [
1227 silly reify   'C:\\Users\\venka\\OneDrive\\Desktop\\Attendance\\frontend\\node_modules\\@esbuild\\linux-arm64'
1227 silly reify ]
1228 verbose reify failed optional dependency C:\Users\venka\OneDrive\Desktop\Attendance\frontend\node_modules\@esbuild\linux-arm
1229 silly reify mark deleted [
1229 silly reify   'C:\\Users\\venka\\OneDrive\\Desktop\\Attendance\\frontend\\node_modules\\@esbuild\\linux-arm'
1229 silly reify ]
1230 verbose reify failed optional dependency C:\Users\venka\OneDrive\Desktop\Attendance\frontend\node_modules\@esbuild\freebsd-x64
1231 silly reify mark deleted [
1231 silly reify   'C:\\Users\\venka\\OneDrive\\Desktop\\Attendance\\frontend\\node_modules\\@esbuild\\freebsd-x64'
1231 silly reify ]
1232 verbose reify failed optional dependency C:\Users\venka\OneDrive\Desktop\Attendance\frontend\node_modules\@esbuild\freebsd-arm64
1233 silly reify mark deleted [
1233 silly reify   'C:\\Users\\venka\\OneDrive\\Desktop\\Attendance\\frontend\\node_modules\\@esbuild\\freebsd-arm64'
1233 silly reify ]
1234 verbose reify failed optional dependency C:\Users\venka\OneDrive\Desktop\Attendance\frontend\node_modules\@esbuild\darwin-x64
1235 silly reify mark deleted [
1235 silly reify   'C:\\Users\\venka\\OneDrive\\Desktop\\Attendance\\frontend\\node_modules\\@esbuild\\darwin-x64'
1235 silly reify ]
1236 verbose reify failed optional dependency C:\Users\venka\OneDrive\Desktop\Attendance\frontend\node_modules\@esbuild\darwin-arm64
1237 silly reify mark deleted [
1237 silly reify   'C:\\Users\\venka\\OneDrive\\Desktop\\Attendance\\frontend\\node_modules\\@esbuild\\darwin-arm64'
1237 silly reify ]
1238 verbose reify failed optional dependency C:\Users\venka\OneDrive\Desktop\Attendance\frontend\node_modules\@esbuild\android-x64
1239 silly reify mark deleted [
1239 silly reify   'C:\\Users\\venka\\OneDrive\\Desktop\\Attendance\\frontend\\node_modules\\@esbuild\\android-x64'
1239 silly reify ]
1240 verbose reify failed optional dependency C:\Users\venka\OneDrive\Desktop\Attendance\frontend\node_modules\@esbuild\android-arm64
1241 silly reify mark deleted [
1241 silly reify   'C:\\Users\\venka\\OneDrive\\Desktop\\Attendance\\frontend\\node_modules\\@esbuild\\android-arm64'
1241 silly reify ]
1242 verbose reify failed optional dependency C:\Users\venka\OneDrive\Desktop\Attendance\frontend\node_modules\@esbuild\android-arm
1243 silly reify mark deleted [
1243 silly reify   'C:\\Users\\venka\\OneDrive\\Desktop\\Attendance\\frontend\\node_modules\\@esbuild\\android-arm'
1243 silly reify ]
1244 verbose reify failed optional dependency C:\Users\venka\OneDrive\Desktop\Attendance\frontend\node_modules\@esbuild\aix-ppc64
1245 silly reify mark deleted [
1245 silly reify   'C:\\Users\\venka\\OneDrive\\Desktop\\Attendance\\frontend\\node_modules\\@esbuild\\aix-ppc64'
1245 silly reify ]
1246 verbose reify failed optional dependency C:\Users\venka\OneDrive\Desktop\Attendance\frontend\node_modules\fsevents
1247 silly reify mark deleted [
1247 silly reify   'C:\\Users\\venka\\OneDrive\\Desktop\\Attendance\\frontend\\node_modules\\fsevents'
1247 silly reify ]
1248 http cache @types/estree@https://registry.npmjs.org/@types/estree/-/estree-1.0.8.tgz 0ms (cache hit)
1249 http cache source-map-js@https://registry.npmjs.org/source-map-js/-/source-map-js-1.2.1.tgz 0ms (cache hit)
1250 http cache @esbuild/win32-x64@https://registry.npmjs.org/@esbuild/win32-x64/-/win32-x64-0.21.5.tgz 0ms (cache hit)
1251 http cache @rollup/rollup-win32-x64-msvc@https://registry.npmjs.org/@rollup/rollup-win32-x64-msvc/-/rollup-win32-x64-msvc-4.60.2.tgz 0ms (cache hit)
1252 http cache @rollup/rollup-win32-x64-gnu@https://registry.npmjs.org/@rollup/rollup-win32-x64-gnu/-/rollup-win32-x64-gnu-4.60.2.tgz 0ms (cache hit)
1253 http cache nanoid@https://registry.npmjs.org/nanoid/-/nanoid-3.3.11.tgz 0ms (cache hit)
1254 http cache esbuild@https://registry.npmjs.org/esbuild/-/esbuild-0.21.5.tgz 0ms (cache hit)
1255 http cache path-parse@https://registry.npmjs.org/path-parse/-/path-parse-1.0.7.tgz 1ms (cache hit)
1256 http cache rollup@https://registry.npmjs.org/rollup/-/rollup-4.60.2.tgz 0ms (cache hit)
1257 http cache postcss@https://registry.npmjs.org/postcss/-/postcss-8.5.10.tgz 0ms (cache hit)
1258 http cache escalade@https://registry.npmjs.org/escalade/-/escalade-3.2.0.tgz 0ms (cache hit)
1259 http cache supports-preserve-symlinks-flag@https://registry.npmjs.org/supports-preserve-symlinks-flag/-/supports-preserve-symlinks-flag-1.0.0.tgz 0ms (cache hit)
1260 http cache @remix-run/router@https://registry.npmjs.org/@remix-run/router/-/router-1.23.2.tgz 0ms (cache hit)
1261 http cache is-core-module@https://registry.npmjs.org/is-core-module/-/is-core-module-2.16.1.tgz 0ms (cache hit)
1262 http cache react-router@https://registry.npmjs.org/react-router/-/react-router-6.30.3.tgz 0ms (cache hit)
1263 http cache is-arrayish@https://registry.npmjs.org/is-arrayish/-/is-arrayish-0.2.1.tgz 0ms (cache hit)
1264 http cache dom-helpers@https://registry.npmjs.org/dom-helpers/-/dom-helpers-5.2.1.tgz 0ms (cache hit)
1265 http cache scheduler@https://registry.npmjs.org/scheduler/-/scheduler-0.23.2.tgz 0ms (cache hit)
1266 http cache object-assign@https://registry.npmjs.org/object-assign/-/object-assign-4.1.1.tgz 0ms (cache hit)
1267 http cache lines-and-columns@https://registry.npmjs.org/lines-and-columns/-/lines-and-columns-1.2.4.tgz 1ms (cache hit)
1268 http cache loose-envify@https://registry.npmjs.org/loose-envify/-/loose-envify-1.4.0.tgz 0ms (cache hit)
1269 http cache error-ex@https://registry.npmjs.org/error-ex/-/error-ex-1.3.4.tgz 0ms (cache hit)
1270 http cache json-parse-even-better-errors@https://registry.npmjs.org/json-parse-even-better-errors/-/json-parse-even-better-errors-2.3.1.tgz 0ms (cache hit)
1271 http cache mime-db@https://registry.npmjs.org/mime-db/-/mime-db-1.52.0.tgz 0ms (cache hit)
1272 http cache dunder-proto@https://registry.npmjs.org/dunder-proto/-/dunder-proto-1.0.1.tgz 0ms (cache hit)
1273 http cache callsites@https://registry.npmjs.org/callsites/-/callsites-3.1.0.tgz 5ms (cache hit)
1274 http cache resolve-from@https://registry.npmjs.org/resolve-from/-/resolve-from-4.0.0.tgz 0ms (cache hit)
1275 http cache parent-module@https://registry.npmjs.org/parent-module/-/parent-module-1.0.1.tgz 1ms (cache hit)
1276 http cache yallist@https://registry.npmjs.org/yallist/-/yallist-3.1.1.tgz 0ms (cache hit)
1277 http cache math-intrinsics@https://registry.npmjs.org/math-intrinsics/-/math-intrinsics-1.1.0.tgz 0ms (cache hit)
1278 http cache has-symbols@https://registry.npmjs.org/has-symbols/-/has-symbols-1.1.0.tgz 0ms (cache hit)
1279 http cache es-object-atoms@https://registry.npmjs.org/es-object-atoms/-/es-object-atoms-1.1.1.tgz 0ms (cache hit)
1280 http cache gopd@https://registry.npmjs.org/gopd/-/gopd-1.2.0.tgz 0ms (cache hit)
1281 http cache es-define-property@https://registry.npmjs.org/es-define-property/-/es-define-property-1.0.1.tgz 0ms (cache hit)
1282 http cache function-bind@https://registry.npmjs.org/function-bind/-/function-bind-1.1.2.tgz 0ms (cache hit)
1283 http cache call-bind-apply-helpers@https://registry.npmjs.org/call-bind-apply-helpers/-/call-bind-apply-helpers-1.0.2.tgz 0ms (cache hit)
1284 http cache get-proto@https://registry.npmjs.org/get-proto/-/get-proto-1.0.1.tgz 0ms (cache hit)
1285 http cache has-tostringtag@https://registry.npmjs.org/has-tostringtag/-/has-tostringtag-1.0.2.tgz 0ms (cache hit)
1286 http cache delayed-stream@https://registry.npmjs.org/delayed-stream/-/delayed-stream-1.0.0.tgz 0ms (cache hit)
1287 http cache es-errors@https://registry.npmjs.org/es-errors/-/es-errors-1.3.0.tgz 0ms (cache hit)
1288 http cache get-intrinsic@https://registry.npmjs.org/get-intrinsic/-/get-intrinsic-1.3.0.tgz 0ms (cache hit)
1289 http cache mime-types@https://registry.npmjs.org/mime-types/-/mime-types-2.1.35.tgz 0ms (cache hit)
1290 http cache hasown@https://registry.npmjs.org/hasown/-/hasown-2.0.3.tgz 0ms (cache hit)
1291 http cache es-set-tostringtag@https://registry.npmjs.org/es-set-tostringtag/-/es-set-tostringtag-2.1.0.tgz 0ms (cache hit)
1292 http cache yaml@https://registry.npmjs.org/yaml/-/yaml-1.10.3.tgz 0ms (cache hit)
1293 http cache combined-stream@https://registry.npmjs.org/combined-stream/-/combined-stream-1.0.8.tgz 0ms (cache hit)
1294 http cache asynckit@https://registry.npmjs.org/asynckit/-/asynckit-0.4.0.tgz 0ms (cache hit)
1295 http cache ms@https://registry.npmjs.org/ms/-/ms-2.1.3.tgz 0ms (cache hit)
1296 http cache path-type@https://registry.npmjs.org/path-type/-/path-type-4.0.0.tgz 0ms (cache hit)
1297 http cache parse-json@https://registry.npmjs.org/parse-json/-/parse-json-5.2.0.tgz 0ms (cache hit)
1298 http cache @types/parse-json@https://registry.npmjs.org/@types/parse-json/-/parse-json-4.0.2.tgz 0ms (cache hit)
1299 http cache import-fresh@https://registry.npmjs.org/import-fresh/-/import-fresh-3.3.1.tgz 0ms (cache hit)
1300 http cache update-browserslist-db@https://registry.npmjs.org/update-browserslist-db/-/update-browserslist-db-1.2.3.tgz 0ms (cache hit)
1301 http cache caniuse-lite@https://registry.npmjs.org/caniuse-lite/-/caniuse-lite-1.0.30001788.tgz 0ms (cache hit)
1302 http cache node-releases@https://registry.npmjs.org/node-releases/-/node-releases-2.0.37.tgz 0ms (cache hit)
1303 http cache baseline-browser-mapping@https://registry.npmjs.org/baseline-browser-mapping/-/baseline-browser-mapping-2.10.20.tgz 0ms (cache hit)
1304 http cache electron-to-chromium@https://registry.npmjs.org/electron-to-chromium/-/electron-to-chromium-1.5.340.tgz 0ms (cache hit)
1305 http cache proxy-from-env@https://registry.npmjs.org/proxy-from-env/-/proxy-from-env-2.1.0.tgz 0ms (cache hit)
1306 http cache resolve@https://registry.npmjs.org/resolve/-/resolve-1.22.12.tgz 0ms (cache hit)
1307 http cache @babel/helper-plugin-utils@https://registry.npmjs.org/@babel/helper-plugin-utils/-/helper-plugin-utils-7.28.6.tgz 0ms (cache hit)
1308 http cache @types/babel__traverse@https://registry.npmjs.org/@types/babel__traverse/-/babel__traverse-7.28.0.tgz 0ms (cache hit)
1309 http cache follow-redirects@https://registry.npmjs.org/follow-redirects/-/follow-redirects-1.16.0.tgz 0ms (cache hit)
1310 http cache cosmiconfig@https://registry.npmjs.org/cosmiconfig/-/cosmiconfig-7.1.0.tgz 0ms (cache hit)
1311 http cache form-data@https://registry.npmjs.org/form-data/-/form-data-4.0.5.tgz 0ms (cache hit)
1312 http cache @types/babel__template@https://registry.npmjs.org/@types/babel__template/-/babel__template-7.4.4.tgz 0ms (cache hit)
1313 http cache @types/babel__generator@https://registry.npmjs.org/@types/babel__generator/-/babel__generator-7.27.0.tgz 0ms (cache hit)
1314 http cache browserslist@https://registry.npmjs.org/browserslist/-/browserslist-4.28.2.tgz 0ms (cache hit)
1315 http cache @babel/helper-validator-option@https://registry.npmjs.org/@babel/helper-validator-option/-/helper-validator-option-7.27.1.tgz 0ms (cache hit)
1316 http cache @babel/compat-data@https://registry.npmjs.org/@babel/compat-data/-/compat-data-7.29.0.tgz 0ms (cache hit)
1317 http cache lru-cache@https://registry.npmjs.org/lru-cache/-/lru-cache-5.1.1.tgz 0ms (cache hit)
1318 http cache semver@https://registry.npmjs.org/semver/-/semver-6.3.1.tgz 0ms (cache hit)
1319 http cache json5@https://registry.npmjs.org/json5/-/json5-2.2.3.tgz 1ms (cache hit)
1320 http cache @jridgewell/remapping@https://registry.npmjs.org/@jridgewell/remapping/-/remapping-2.3.5.tgz 0ms (cache hit)
1321 http cache @babel/helpers@https://registry.npmjs.org/@babel/helpers/-/helpers-7.29.2.tgz 0ms (cache hit)
1322 http cache @babel/helper-module-transforms@https://registry.npmjs.org/@babel/helper-module-transforms/-/helper-module-transforms-7.28.6.tgz 0ms (cache hit)
1323 http cache gensync@https://registry.npmjs.org/gensync/-/gensync-1.0.0-beta.2.tgz 0ms (cache hit)
1324 http cache @types/babel__core@https://registry.npmjs.org/@types/babel__core/-/babel__core-7.20.5.tgz 0ms (cache hit)
1325 http cache @babel/helper-compilation-targets@https://registry.npmjs.org/@babel/helper-compilation-targets/-/helper-compilation-targets-7.28.6.tgz 0ms (cache hit)
1326 http cache @rolldown/pluginutils@https://registry.npmjs.org/@rolldown/pluginutils/-/pluginutils-1.0.0-beta.27.tgz 0ms (cache hit)
1327 http cache @babel/plugin-transform-react-jsx-self@https://registry.npmjs.org/@babel/plugin-transform-react-jsx-self/-/plugin-transform-react-jsx-self-7.27.1.tgz 0ms (cache hit)
1328 http cache react-refresh@https://registry.npmjs.org/react-refresh/-/react-refresh-0.17.0.tgz 0ms (cache hit)
1329 http cache @mui/styled-engine@https://registry.npmjs.org/@mui/styled-engine/-/styled-engine-5.18.0.tgz 0ms (cache hit)
1330 http cache @babel/core@https://registry.npmjs.org/@babel/core/-/core-7.29.0.tgz 0ms (cache hit)
1331 http cache @babel/plugin-transform-react-jsx-source@https://registry.npmjs.org/@babel/plugin-transform-react-jsx-source/-/plugin-transform-react-jsx-source-7.27.1.tgz 0ms (cache hit)
1332 http cache react-transition-group@https://registry.npmjs.org/react-transition-group/-/react-transition-group-4.4.5.tgz 0ms (cache hit)
1333 http cache @mui/private-theming@https://registry.npmjs.org/@mui/private-theming/-/private-theming-5.17.1.tgz 0ms (cache hit)
1334 http cache @types/prop-types@https://registry.npmjs.org/@types/prop-types/-/prop-types-15.7.15.tgz 0ms (cache hit)
1335 http cache @types/react-transition-group@https://registry.npmjs.org/@types/react-transition-group/-/react-transition-group-4.4.12.tgz 1ms (cache hit)
1336 http cache react-is@https://registry.npmjs.org/react-is/-/react-is-19.2.5.tgz 1ms (cache hit)
1337 http cache prop-types@https://registry.npmjs.org/prop-types/-/prop-types-15.8.1.tgz 0ms (cache hit)
1338 http cache clsx@https://registry.npmjs.org/clsx/-/clsx-2.1.1.tgz 0ms (cache hit)
1339 http cache @mui/utils@https://registry.npmjs.org/@mui/utils/-/utils-5.17.1.tgz 0ms (cache hit)
1340 http cache @popperjs/core@https://registry.npmjs.org/@popperjs/core/-/core-2.11.8.tgz 0ms (cache hit)
1341 http cache @mui/system@https://registry.npmjs.org/@mui/system/-/system-5.18.0.tgz 0ms (cache hit)
1342 http cache @jridgewell/sourcemap-codec@https://registry.npmjs.org/@jridgewell/sourcemap-codec/-/sourcemap-codec-1.5.5.tgz 0ms (cache hit)
1343 http cache @mui/types@https://registry.npmjs.org/@mui/types/-/types-7.2.24.tgz 0ms (cache hit)
1344 http cache @mui/core-downloads-tracker@https://registry.npmjs.org/@mui/core-downloads-tracker/-/core-downloads-tracker-5.18.0.tgz 0ms (cache hit)
1345 http cache @jridgewell/resolve-uri@https://registry.npmjs.org/@jridgewell/resolve-uri/-/resolve-uri-3.1.2.tgz 0ms (cache hit)
1346 http cache @emotion/is-prop-valid@https://registry.npmjs.org/@emotion/is-prop-valid/-/is-prop-valid-1.4.0.tgz 0ms (cache hit)
1347 http cache csstype@https://registry.npmjs.org/csstype/-/csstype-3.2.3.tgz 0ms (cache hit)
1348 http cache @emotion/unitless@https://registry.npmjs.org/@emotion/unitless/-/unitless-0.10.0.tgz 0ms (cache hit)
1349 http cache @emotion/sheet@https://registry.npmjs.org/@emotion/sheet/-/sheet-1.4.0.tgz 0ms (cache hit)
1350 http cache jsesc@https://registry.npmjs.org/jsesc/-/jsesc-3.1.0.tgz 0ms (cache hit)
1351 http cache js-tokens@https://registry.npmjs.org/js-tokens/-/js-tokens-4.0.0.tgz 0ms (cache hit)
1352 http cache @jridgewell/gen-mapping@https://registry.npmjs.org/@jridgewell/gen-mapping/-/gen-mapping-0.3.13.tgz 0ms (cache hit)
1353 http cache @babel/helper-string-parser@https://registry.npmjs.org/@babel/helper-string-parser/-/helper-string-parser-7.27.1.tgz 0ms (cache hit)
1354 http cache picocolors@https://registry.npmjs.org/picocolors/-/picocolors-1.1.1.tgz 0ms (cache hit)
1355 http cache debug@https://registry.npmjs.org/debug/-/debug-4.4.3.tgz 0ms (cache hit)
1356 http cache @babel/helper-validator-identifier@https://registry.npmjs.org/@babel/helper-validator-identifier/-/helper-validator-identifier-7.28.5.tgz 0ms (cache hit)
1357 http cache @jridgewell/trace-mapping@https://registry.npmjs.org/@jridgewell/trace-mapping/-/trace-mapping-0.3.31.tgz 0ms (cache hit)
1358 http cache @babel/parser@https://registry.npmjs.org/@babel/parser/-/parser-7.29.2.tgz 0ms (cache hit)
1359 http cache @babel/template@https://registry.npmjs.org/@babel/template/-/template-7.28.6.tgz 0ms (cache hit)
1360 http cache @babel/code-frame@https://registry.npmjs.org/@babel/code-frame/-/code-frame-7.29.0.tgz 0ms (cache hit)
1361 http cache @babel/helper-globals@https://registry.npmjs.org/@babel/helper-globals/-/helper-globals-7.28.0.tgz 0ms (cache hit)
1362 http cache find-root@https://registry.npmjs.org/find-root/-/find-root-1.1.0.tgz 0ms (cache hit)
1363 http cache @babel/traverse@https://registry.npmjs.org/@babel/traverse/-/traverse-7.29.0.tgz 0ms (cache hit)
1364 http cache source-map@https://registry.npmjs.org/source-map/-/source-map-0.5.7.tgz 0ms (cache hit)
1365 http cache babel-plugin-macros@https://registry.npmjs.org/babel-plugin-macros/-/babel-plugin-macros-3.1.0.tgz 0ms (cache hit)
1366 http cache @babel/generator@https://registry.npmjs.org/@babel/generator/-/generator-7.29.1.tgz 1ms (cache hit)
1367 http cache convert-source-map@https://registry.npmjs.org/convert-source-map/-/convert-source-map-1.9.0.tgz 0ms (cache hit)
1368 http cache @emotion/memoize@https://registry.npmjs.org/@emotion/memoize/-/memoize-0.9.0.tgz 0ms (cache hit)
1369 http cache @babel/helper-module-imports@https://registry.npmjs.org/@babel/helper-module-imports/-/helper-module-imports-7.28.6.tgz 0ms (cache hit)
1370 http cache stylis@https://registry.npmjs.org/stylis/-/stylis-4.2.0.tgz 0ms (cache hit)
1371 http cache @emotion/hash@https://registry.npmjs.org/@emotion/hash/-/hash-0.9.2.tgz 0ms (cache hit)
1372 http cache @babel/types@https://registry.npmjs.org/@babel/types/-/types-7.29.0.tgz 0ms (cache hit)
1373 http cache escape-string-regexp@https://registry.npmjs.org/escape-string-regexp/-/escape-string-regexp-4.0.0.tgz 1ms (cache hit)
1374 http cache hoist-non-react-statics@https://registry.npmjs.org/hoist-non-react-statics/-/hoist-non-react-statics-3.3.2.tgz 0ms (cache hit)
1375 http cache @emotion/weak-memoize@https://registry.npmjs.org/@emotion/weak-memoize/-/weak-memoize-0.4.0.tgz 0ms (cache hit)
1376 http cache @emotion/use-insertion-effect-with-fallbacks@https://registry.npmjs.org/@emotion/use-insertion-effect-with-fallbacks/-/use-insertion-effect-with-fallbacks-1.2.0.tgz 0ms (cache hit)
1377 http cache @emotion/serialize@https://registry.npmjs.org/@emotion/serialize/-/serialize-1.3.3.tgz 0ms (cache hit)
1378 http cache typescript@https://registry.npmjs.org/typescript/-/typescript-5.9.3.tgz 0ms (cache hit)
1379 http cache @emotion/babel-plugin@https://registry.npmjs.org/@emotion/babel-plugin/-/babel-plugin-11.13.5.tgz 0ms (cache hit)
1380 http cache @emotion/cache@https://registry.npmjs.org/@emotion/cache/-/cache-11.14.0.tgz 0ms (cache hit)
1381 http cache @emotion/utils@https://registry.npmjs.org/@emotion/utils/-/utils-1.4.2.tgz 0ms (cache hit)
1382 http cache @babel/runtime@https://registry.npmjs.org/@babel/runtime/-/runtime-7.29.2.tgz 0ms (cache hit)
1383 http cache react-router-dom@https://registry.npmjs.org/react-router-dom/-/react-router-dom-6.30.3.tgz 0ms (cache hit)
1384 http cache vite@https://registry.npmjs.org/vite/-/vite-5.4.21.tgz 0ms (cache hit)
1385 http cache dayjs@https://registry.npmjs.org/dayjs/-/dayjs-1.11.20.tgz 0ms (cache hit)
1386 http cache @vitejs/plugin-react@https://registry.npmjs.org/@vitejs/plugin-react/-/plugin-react-4.7.0.tgz 0ms (cache hit)
1387 http cache @types/react-dom@https://registry.npmjs.org/@types/react-dom/-/react-dom-18.3.7.tgz 0ms (cache hit)
1388 http cache react-dom@https://registry.npmjs.org/react-dom/-/react-dom-18.3.1.tgz 1ms (cache hit)
1389 http cache @types/react@https://registry.npmjs.org/@types/react/-/react-18.3.28.tgz 0ms (cache hit)
1390 http cache @mui/icons-material@https://registry.npmjs.org/@mui/icons-material/-/icons-material-5.18.0.tgz 0ms (cache hit)
1391 http cache axios@https://registry.npmjs.org/axios/-/axios-1.15.1.tgz 0ms (cache hit)
1392 http cache @mui/material@https://registry.npmjs.org/@mui/material/-/material-5.18.0.tgz 0ms (cache hit)
1393 http cache @emotion/styled@https://registry.npmjs.org/@emotion/styled/-/styled-11.14.1.tgz 0ms (cache hit)
1394 http cache @emotion/react@https://registry.npmjs.org/@emotion/react/-/react-11.14.0.tgz 0ms (cache hit)
1395 http cache convert-source-map@https://registry.npmjs.org/convert-source-map/-/convert-source-map-2.0.0.tgz 0ms (cache hit)
1396 http cache react@https://registry.npmjs.org/react/-/react-18.3.1.tgz 0ms (cache hit)
1397 silly tarball no local data for @types/estree@https://registry.npmjs.org/@types/estree/-/estree-1.0.8.tgz. Extracting by manifest.
1398 silly tarball no local data for source-map-js@https://registry.npmjs.org/source-map-js/-/source-map-js-1.2.1.tgz. Extracting by manifest.
1399 silly tarball no local data for @esbuild/win32-x64@https://registry.npmjs.org/@esbuild/win32-x64/-/win32-x64-0.21.5.tgz. Extracting by manifest.
1400 silly tarball no local data for @rollup/rollup-win32-x64-msvc@https://registry.npmjs.org/@rollup/rollup-win32-x64-msvc/-/rollup-win32-x64-msvc-4.60.2.tgz. Extracting by manifest.
1401 silly tarball no local data for @rollup/rollup-win32-x64-gnu@https://registry.npmjs.org/@rollup/rollup-win32-x64-gnu/-/rollup-win32-x64-gnu-4.60.2.tgz. Extracting by manifest.
1402 http cache react-is@https://registry.npmjs.org/react-is/-/react-is-16.13.1.tgz 0ms (cache hit)
1403 silly tarball no local data for nanoid@https://registry.npmjs.org/nanoid/-/nanoid-3.3.11.tgz. Extracting by manifest.
1404 silly tarball no local data for esbuild@https://registry.npmjs.org/esbuild/-/esbuild-0.21.5.tgz. Extracting by manifest.
1405 silly tarball no local data for path-parse@https://registry.npmjs.org/path-parse/-/path-parse-1.0.7.tgz. Extracting by manifest.
1406 silly tarball no local data for rollup@https://registry.npmjs.org/rollup/-/rollup-4.60.2.tgz. Extracting by manifest.
1407 silly tarball no local data for postcss@https://registry.npmjs.org/postcss/-/postcss-8.5.10.tgz. Extracting by manifest.
1408 silly tarball no local data for escalade@https://registry.npmjs.org/escalade/-/escalade-3.2.0.tgz. Extracting by manifest.
1409 http cache react-is@https://registry.npmjs.org/react-is/-/react-is-16.13.1.tgz 0ms (cache hit)
1410 silly tarball no local data for supports-preserve-symlinks-flag@https://registry.npmjs.org/supports-preserve-symlinks-flag/-/supports-preserve-symlinks-flag-1.0.0.tgz. Extracting by manifest.
1411 silly tarball no local data for @remix-run/router@https://registry.npmjs.org/@remix-run/router/-/router-1.23.2.tgz. Extracting by manifest.
1412 silly tarball no local data for is-core-module@https://registry.npmjs.org/is-core-module/-/is-core-module-2.16.1.tgz. Extracting by manifest.
1413 silly tarball no local data for react-router@https://registry.npmjs.org/react-router/-/react-router-6.30.3.tgz. Extracting by manifest.
1414 silly tarball no local data for is-arrayish@https://registry.npmjs.org/is-arrayish/-/is-arrayish-0.2.1.tgz. Extracting by manifest.
1415 silly tarball no local data for dom-helpers@https://registry.npmjs.org/dom-helpers/-/dom-helpers-5.2.1.tgz. Extracting by manifest.
1416 silly tarball no local data for scheduler@https://registry.npmjs.org/scheduler/-/scheduler-0.23.2.tgz. Extracting by manifest.
1417 silly tarball no local data for object-assign@https://registry.npmjs.org/object-assign/-/object-assign-4.1.1.tgz. Extracting by manifest.
1418 silly tarball no local data for lines-and-columns@https://registry.npmjs.org/lines-and-columns/-/lines-and-columns-1.2.4.tgz. Extracting by manifest.
1419 silly tarball no local data for loose-envify@https://registry.npmjs.org/loose-envify/-/loose-envify-1.4.0.tgz. Extracting by manifest.
1420 silly tarball no local data for error-ex@https://registry.npmjs.org/error-ex/-/error-ex-1.3.4.tgz. Extracting by manifest.
1421 silly tarball no local data for json-parse-even-better-errors@https://registry.npmjs.org/json-parse-even-better-errors/-/json-parse-even-better-errors-2.3.1.tgz. Extracting by manifest.
1422 silly tarball no local data for mime-db@https://registry.npmjs.org/mime-db/-/mime-db-1.52.0.tgz. Extracting by manifest.
1423 silly tarball no local data for dunder-proto@https://registry.npmjs.org/dunder-proto/-/dunder-proto-1.0.1.tgz. Extracting by manifest.
1424 silly tarball no local data for callsites@https://registry.npmjs.org/callsites/-/callsites-3.1.0.tgz. Extracting by manifest.
1425 silly tarball no local data for resolve-from@https://registry.npmjs.org/resolve-from/-/resolve-from-4.0.0.tgz. Extracting by manifest.
1426 silly tarball no local data for parent-module@https://registry.npmjs.org/parent-module/-/parent-module-1.0.1.tgz. Extracting by manifest.
1427 silly tarball no local data for yallist@https://registry.npmjs.org/yallist/-/yallist-3.1.1.tgz. Extracting by manifest.
1428 silly tarball no local data for math-intrinsics@https://registry.npmjs.org/math-intrinsics/-/math-intrinsics-1.1.0.tgz. Extracting by manifest.
1429 silly tarball no local data for has-symbols@https://registry.npmjs.org/has-symbols/-/has-symbols-1.1.0.tgz. Extracting by manifest.
1430 silly tarball no local data for es-object-atoms@https://registry.npmjs.org/es-object-atoms/-/es-object-atoms-1.1.1.tgz. Extracting by manifest.
1431 silly tarball no local data for gopd@https://registry.npmjs.org/gopd/-/gopd-1.2.0.tgz. Extracting by manifest.
1432 silly tarball no local data for es-define-property@https://registry.npmjs.org/es-define-property/-/es-define-property-1.0.1.tgz. Extracting by manifest.
1433 silly tarball no local data for function-bind@https://registry.npmjs.org/function-bind/-/function-bind-1.1.2.tgz. Extracting by manifest.
1434 silly tarball no local data for call-bind-apply-helpers@https://registry.npmjs.org/call-bind-apply-helpers/-/call-bind-apply-helpers-1.0.2.tgz. Extracting by manifest.
1435 silly tarball no local data for get-proto@https://registry.npmjs.org/get-proto/-/get-proto-1.0.1.tgz. Extracting by manifest.
1436 silly tarball no local data for has-tostringtag@https://registry.npmjs.org/has-tostringtag/-/has-tostringtag-1.0.2.tgz. Extracting by manifest.
1437 silly tarball no local data for delayed-stream@https://registry.npmjs.org/delayed-stream/-/delayed-stream-1.0.0.tgz. Extracting by manifest.
1438 silly tarball no local data for es-errors@https://registry.npmjs.org/es-errors/-/es-errors-1.3.0.tgz. Extracting by manifest.
1439 silly tarball no local data for get-intrinsic@https://registry.npmjs.org/get-intrinsic/-/get-intrinsic-1.3.0.tgz. Extracting by manifest.
1440 silly tarball no local data for mime-types@https://registry.npmjs.org/mime-types/-/mime-types-2.1.35.tgz. Extracting by manifest.
1441 silly tarball no local data for hasown@https://registry.npmjs.org/hasown/-/hasown-2.0.3.tgz. Extracting by manifest.
1442 silly tarball no local data for es-set-tostringtag@https://registry.npmjs.org/es-set-tostringtag/-/es-set-tostringtag-2.1.0.tgz. Extracting by manifest.
1443 silly tarball no local data for yaml@https://registry.npmjs.org/yaml/-/yaml-1.10.3.tgz. Extracting by manifest.
1444 silly tarball no local data for combined-stream@https://registry.npmjs.org/combined-stream/-/combined-stream-1.0.8.tgz. Extracting by manifest.
1445 silly tarball no local data for asynckit@https://registry.npmjs.org/asynckit/-/asynckit-0.4.0.tgz. Extracting by manifest.
1446 silly tarball no local data for ms@https://registry.npmjs.org/ms/-/ms-2.1.3.tgz. Extracting by manifest.
1447 silly tarball no local data for path-type@https://registry.npmjs.org/path-type/-/path-type-4.0.0.tgz. Extracting by manifest.
1448 silly tarball no local data for parse-json@https://registry.npmjs.org/parse-json/-/parse-json-5.2.0.tgz. Extracting by manifest.
1449 silly tarball no local data for @types/parse-json@https://registry.npmjs.org/@types/parse-json/-/parse-json-4.0.2.tgz. Extracting by manifest.
1450 silly tarball no local data for import-fresh@https://registry.npmjs.org/import-fresh/-/import-fresh-3.3.1.tgz. Extracting by manifest.
1451 silly tarball no local data for update-browserslist-db@https://registry.npmjs.org/update-browserslist-db/-/update-browserslist-db-1.2.3.tgz. Extracting by manifest.
1452 silly tarball no local data for caniuse-lite@https://registry.npmjs.org/caniuse-lite/-/caniuse-lite-1.0.30001788.tgz. Extracting by manifest.
1453 silly tarball no local data for node-releases@https://registry.npmjs.org/node-releases/-/node-releases-2.0.37.tgz. Extracting by manifest.
1454 silly tarball no local data for baseline-browser-mapping@https://registry.npmjs.org/baseline-browser-mapping/-/baseline-browser-mapping-2.10.20.tgz. Extracting by manifest.
1455 silly tarball no local data for electron-to-chromium@https://registry.npmjs.org/electron-to-chromium/-/electron-to-chromium-1.5.340.tgz. Extracting by manifest.
1456 silly tarball no local data for proxy-from-env@https://registry.npmjs.org/proxy-from-env/-/proxy-from-env-2.1.0.tgz. Extracting by manifest.
1457 silly tarball no local data for resolve@https://registry.npmjs.org/resolve/-/resolve-1.22.12.tgz. Extracting by manifest.
1458 silly tarball no local data for @babel/helper-plugin-utils@https://registry.npmjs.org/@babel/helper-plugin-utils/-/helper-plugin-utils-7.28.6.tgz. Extracting by manifest.
1459 silly tarball no local data for @types/babel__traverse@https://registry.npmjs.org/@types/babel__traverse/-/babel__traverse-7.28.0.tgz. Extracting by manifest.
1460 silly tarball no local data for follow-redirects@https://registry.npmjs.org/follow-redirects/-/follow-redirects-1.16.0.tgz. Extracting by manifest.
1461 silly tarball no local data for cosmiconfig@https://registry.npmjs.org/cosmiconfig/-/cosmiconfig-7.1.0.tgz. Extracting by manifest.
1462 silly tarball no local data for form-data@https://registry.npmjs.org/form-data/-/form-data-4.0.5.tgz. Extracting by manifest.
1463 silly tarball no local data for @types/babel__template@https://registry.npmjs.org/@types/babel__template/-/babel__template-7.4.4.tgz. Extracting by manifest.
1464 silly tarball no local data for @types/babel__generator@https://registry.npmjs.org/@types/babel__generator/-/babel__generator-7.27.0.tgz. Extracting by manifest.
1465 silly tarball no local data for browserslist@https://registry.npmjs.org/browserslist/-/browserslist-4.28.2.tgz. Extracting by manifest.
1466 silly tarball no local data for @babel/helper-validator-option@https://registry.npmjs.org/@babel/helper-validator-option/-/helper-validator-option-7.27.1.tgz. Extracting by manifest.
1467 silly tarball no local data for @babel/compat-data@https://registry.npmjs.org/@babel/compat-data/-/compat-data-7.29.0.tgz. Extracting by manifest.
1468 silly tarball no local data for lru-cache@https://registry.npmjs.org/lru-cache/-/lru-cache-5.1.1.tgz. Extracting by manifest.
1469 silly tarball no local data for semver@https://registry.npmjs.org/semver/-/semver-6.3.1.tgz. Extracting by manifest.
1470 silly tarball no local data for json5@https://registry.npmjs.org/json5/-/json5-2.2.3.tgz. Extracting by manifest.
1471 silly tarball no local data for @jridgewell/remapping@https://registry.npmjs.org/@jridgewell/remapping/-/remapping-2.3.5.tgz. Extracting by manifest.
1472 silly tarball no local data for @babel/helpers@https://registry.npmjs.org/@babel/helpers/-/helpers-7.29.2.tgz. Extracting by manifest.
1473 silly tarball no local data for @babel/helper-module-transforms@https://registry.npmjs.org/@babel/helper-module-transforms/-/helper-module-transforms-7.28.6.tgz. Extracting by manifest.
1474 silly tarball no local data for gensync@https://registry.npmjs.org/gensync/-/gensync-1.0.0-beta.2.tgz. Extracting by manifest.
1475 silly tarball no local data for @types/babel__core@https://registry.npmjs.org/@types/babel__core/-/babel__core-7.20.5.tgz. Extracting by manifest.
1476 silly tarball no local data for @babel/helper-compilation-targets@https://registry.npmjs.org/@babel/helper-compilation-targets/-/helper-compilation-targets-7.28.6.tgz. Extracting by manifest.
1477 silly tarball no local data for @rolldown/pluginutils@https://registry.npmjs.org/@rolldown/pluginutils/-/pluginutils-1.0.0-beta.27.tgz. Extracting by manifest.
1478 silly tarball no local data for @babel/plugin-transform-react-jsx-self@https://registry.npmjs.org/@babel/plugin-transform-react-jsx-self/-/plugin-transform-react-jsx-self-7.27.1.tgz. Extracting by manifest.
1479 silly tarball no local data for react-refresh@https://registry.npmjs.org/react-refresh/-/react-refresh-0.17.0.tgz. Extracting by manifest.
1480 silly tarball no local data for @mui/styled-engine@https://registry.npmjs.org/@mui/styled-engine/-/styled-engine-5.18.0.tgz. Extracting by manifest.
1481 silly tarball no local data for @babel/core@https://registry.npmjs.org/@babel/core/-/core-7.29.0.tgz. Extracting by manifest.
1482 silly tarball no local data for @babel/plugin-transform-react-jsx-source@https://registry.npmjs.org/@babel/plugin-transform-react-jsx-source/-/plugin-transform-react-jsx-source-7.27.1.tgz. Extracting by manifest.
1483 silly tarball no local data for react-transition-group@https://registry.npmjs.org/react-transition-group/-/react-transition-group-4.4.5.tgz. Extracting by manifest.
1484 silly tarball no local data for @mui/private-theming@https://registry.npmjs.org/@mui/private-theming/-/private-theming-5.17.1.tgz. Extracting by manifest.
1485 silly tarball no local data for @types/prop-types@https://registry.npmjs.org/@types/prop-types/-/prop-types-15.7.15.tgz. Extracting by manifest.
1486 silly tarball no local data for @types/react-transition-group@https://registry.npmjs.org/@types/react-transition-group/-/react-transition-group-4.4.12.tgz. Extracting by manifest.
1487 silly tarball no local data for react-is@https://registry.npmjs.org/react-is/-/react-is-19.2.5.tgz. Extracting by manifest.
1488 silly tarball no local data for prop-types@https://registry.npmjs.org/prop-types/-/prop-types-15.8.1.tgz. Extracting by manifest.
1489 silly tarball no local data for clsx@https://registry.npmjs.org/clsx/-/clsx-2.1.1.tgz. Extracting by manifest.
1490 silly tarball no local data for @mui/utils@https://registry.npmjs.org/@mui/utils/-/utils-5.17.1.tgz. Extracting by manifest.
1491 silly tarball no local data for @popperjs/core@https://registry.npmjs.org/@popperjs/core/-/core-2.11.8.tgz. Extracting by manifest.
1492 silly tarball no local data for @mui/system@https://registry.npmjs.org/@mui/system/-/system-5.18.0.tgz. Extracting by manifest.
1493 silly tarball no local data for @jridgewell/sourcemap-codec@https://registry.npmjs.org/@jridgewell/sourcemap-codec/-/sourcemap-codec-1.5.5.tgz. Extracting by manifest.
1494 silly tarball no local data for @mui/types@https://registry.npmjs.org/@mui/types/-/types-7.2.24.tgz. Extracting by manifest.
1495 silly tarball no local data for @mui/core-downloads-tracker@https://registry.npmjs.org/@mui/core-downloads-tracker/-/core-downloads-tracker-5.18.0.tgz. Extracting by manifest.
1496 silly tarball no local data for @jridgewell/resolve-uri@https://registry.npmjs.org/@jridgewell/resolve-uri/-/resolve-uri-3.1.2.tgz. Extracting by manifest.
1497 silly tarball no local data for @emotion/is-prop-valid@https://registry.npmjs.org/@emotion/is-prop-valid/-/is-prop-valid-1.4.0.tgz. Extracting by manifest.
1498 silly tarball no local data for csstype@https://registry.npmjs.org/csstype/-/csstype-3.2.3.tgz. Extracting by manifest.
1499 silly tarball no local data for @emotion/unitless@https://registry.npmjs.org/@emotion/unitless/-/unitless-0.10.0.tgz. Extracting by manifest.
1500 silly tarball no local data for @emotion/sheet@https://registry.npmjs.org/@emotion/sheet/-/sheet-1.4.0.tgz. Extracting by manifest.
1501 silly tarball no local data for jsesc@https://registry.npmjs.org/jsesc/-/jsesc-3.1.0.tgz. Extracting by manifest.
1502 silly tarball no local data for js-tokens@https://registry.npmjs.org/js-tokens/-/js-tokens-4.0.0.tgz. Extracting by manifest.
1503 silly tarball no local data for @jridgewell/gen-mapping@https://registry.npmjs.org/@jridgewell/gen-mapping/-/gen-mapping-0.3.13.tgz. Extracting by manifest.
1504 silly tarball no local data for @babel/helper-string-parser@https://registry.npmjs.org/@babel/helper-string-parser/-/helper-string-parser-7.27.1.tgz. Extracting by manifest.
1505 silly tarball no local data for picocolors@https://registry.npmjs.org/picocolors/-/picocolors-1.1.1.tgz. Extracting by manifest.
1506 silly tarball no local data for debug@https://registry.npmjs.org/debug/-/debug-4.4.3.tgz. Extracting by manifest.
1507 silly tarball no local data for @babel/helper-validator-identifier@https://registry.npmjs.org/@babel/helper-validator-identifier/-/helper-validator-identifier-7.28.5.tgz. Extracting by manifest.
1508 silly tarball no local data for @jridgewell/trace-mapping@https://registry.npmjs.org/@jridgewell/trace-mapping/-/trace-mapping-0.3.31.tgz. Extracting by manifest.
1509 silly tarball no local data for @babel/parser@https://registry.npmjs.org/@babel/parser/-/parser-7.29.2.tgz. Extracting by manifest.
1510 silly tarball no local data for @babel/template@https://registry.npmjs.org/@babel/template/-/template-7.28.6.tgz. Extracting by manifest.
1511 silly tarball no local data for @babel/code-frame@https://registry.npmjs.org/@babel/code-frame/-/code-frame-7.29.0.tgz. Extracting by manifest.
1512 silly tarball no local data for @babel/helper-globals@https://registry.npmjs.org/@babel/helper-globals/-/helper-globals-7.28.0.tgz. Extracting by manifest.
1513 silly tarball no local data for find-root@https://registry.npmjs.org/find-root/-/find-root-1.1.0.tgz. Extracting by manifest.
1514 silly tarball no local data for @babel/traverse@https://registry.npmjs.org/@babel/traverse/-/traverse-7.29.0.tgz. Extracting by manifest.
1515 silly tarball no local data for source-map@https://registry.npmjs.org/source-map/-/source-map-0.5.7.tgz. Extracting by manifest.
1516 silly tarball no local data for babel-plugin-macros@https://registry.npmjs.org/babel-plugin-macros/-/babel-plugin-macros-3.1.0.tgz. Extracting by manifest.
1517 silly tarball no local data for @babel/generator@https://registry.npmjs.org/@babel/generator/-/generator-7.29.1.tgz. Extracting by manifest.
1518 silly tarball no local data for convert-source-map@https://registry.npmjs.org/convert-source-map/-/convert-source-map-1.9.0.tgz. Extracting by manifest.
1519 silly tarball no local data for @emotion/memoize@https://registry.npmjs.org/@emotion/memoize/-/memoize-0.9.0.tgz. Extracting by manifest.
1520 silly tarball no local data for @babel/helper-module-imports@https://registry.npmjs.org/@babel/helper-module-imports/-/helper-module-imports-7.28.6.tgz. Extracting by manifest.
1521 silly tarball no local data for stylis@https://registry.npmjs.org/stylis/-/stylis-4.2.0.tgz. Extracting by manifest.
1522 silly tarball no local data for @emotion/hash@https://registry.npmjs.org/@emotion/hash/-/hash-0.9.2.tgz. Extracting by manifest.
1523 silly tarball no local data for @babel/types@https://registry.npmjs.org/@babel/types/-/types-7.29.0.tgz. Extracting by manifest.
1524 silly tarball no local data for escape-string-regexp@https://registry.npmjs.org/escape-string-regexp/-/escape-string-regexp-4.0.0.tgz. Extracting by manifest.
1525 silly tarball no local data for hoist-non-react-statics@https://registry.npmjs.org/hoist-non-react-statics/-/hoist-non-react-statics-3.3.2.tgz. Extracting by manifest.
1526 silly tarball no local data for @emotion/weak-memoize@https://registry.npmjs.org/@emotion/weak-memoize/-/weak-memoize-0.4.0.tgz. Extracting by manifest.
1527 silly tarball no local data for @emotion/use-insertion-effect-with-fallbacks@https://registry.npmjs.org/@emotion/use-insertion-effect-with-fallbacks/-/use-insertion-effect-with-fallbacks-1.2.0.tgz. Extracting by manifest.
1528 silly tarball no local data for @emotion/serialize@https://registry.npmjs.org/@emotion/serialize/-/serialize-1.3.3.tgz. Extracting by manifest.
1529 silly tarball no local data for typescript@https://registry.npmjs.org/typescript/-/typescript-5.9.3.tgz. Extracting by manifest.
1530 silly tarball no local data for @emotion/babel-plugin@https://registry.npmjs.org/@emotion/babel-plugin/-/babel-plugin-11.13.5.tgz. Extracting by manifest.
1531 silly tarball no local data for @emotion/cache@https://registry.npmjs.org/@emotion/cache/-/cache-11.14.0.tgz. Extracting by manifest.
1532 silly tarball no local data for @emotion/utils@https://registry.npmjs.org/@emotion/utils/-/utils-1.4.2.tgz. Extracting by manifest.
1533 silly tarball no local data for @babel/runtime@https://registry.npmjs.org/@babel/runtime/-/runtime-7.29.2.tgz. Extracting by manifest.
1534 silly tarball no local data for react-router-dom@https://registry.npmjs.org/react-router-dom/-/react-router-dom-6.30.3.tgz. Extracting by manifest.
1535 silly tarball no local data for vite@https://registry.npmjs.org/vite/-/vite-5.4.21.tgz. Extracting by manifest.
1536 silly tarball no local data for dayjs@https://registry.npmjs.org/dayjs/-/dayjs-1.11.20.tgz. Extracting by manifest.
1537 silly tarball no local data for @vitejs/plugin-react@https://registry.npmjs.org/@vitejs/plugin-react/-/plugin-react-4.7.0.tgz. Extracting by manifest.
1538 silly tarball no local data for @types/react-dom@https://registry.npmjs.org/@types/react-dom/-/react-dom-18.3.7.tgz. Extracting by manifest.
1539 silly tarball no local data for react-dom@https://registry.npmjs.org/react-dom/-/react-dom-18.3.1.tgz. Extracting by manifest.
1540 silly tarball no local data for @types/react@https://registry.npmjs.org/@types/react/-/react-18.3.28.tgz. Extracting by manifest.
1541 silly tarball no local data for @mui/icons-material@https://registry.npmjs.org/@mui/icons-material/-/icons-material-5.18.0.tgz. Extracting by manifest.
1542 silly tarball no local data for axios@https://registry.npmjs.org/axios/-/axios-1.15.1.tgz. Extracting by manifest.
1543 silly tarball no local data for @mui/material@https://registry.npmjs.org/@mui/material/-/material-5.18.0.tgz. Extracting by manifest.
1544 silly tarball no local data for @emotion/styled@https://registry.npmjs.org/@emotion/styled/-/styled-11.14.1.tgz. Extracting by manifest.
1545 silly tarball no local data for @emotion/react@https://registry.npmjs.org/@emotion/react/-/react-11.14.0.tgz. Extracting by manifest.
1546 silly tarball no local data for convert-source-map@https://registry.npmjs.org/convert-source-map/-/convert-source-map-2.0.0.tgz. Extracting by manifest.
1547 silly tarball no local data for react@https://registry.npmjs.org/react/-/react-18.3.1.tgz. Extracting by manifest.
1548 silly tarball no local data for react-is@https://registry.npmjs.org/react-is/-/react-is-16.13.1.tgz. Extracting by manifest.
1549 silly tarball no local data for react-is@https://registry.npmjs.org/react-is/-/react-is-16.13.1.tgz. Extracting by manifest.
1550 http fetch POST 200 https://registry.npmjs.org/-/npm/v1/security/advisories/bulk 1000ms
1551 silly audit report {
1551 silly audit report   vite: [
1551 silly audit report     {
1551 silly audit report       id: 1116229,
1551 silly audit report       url: 'https://github.com/advisories/GHSA-4w7w-66w2-5vf9',
1551 silly audit report       title: 'Vite Vulnerable to Path Traversal in Optimized Deps `.map` Handling',
1551 silly audit report       severity: 'moderate',
1551 silly audit report       vulnerable_versions: '<=6.4.1',
1551 silly audit report       cwe: [Array],
1551 silly audit report       cvss: [Object]
1551 silly audit report     }
1551 silly audit report   ],
1551 silly audit report   esbuild: [
1551 silly audit report     {
1551 silly audit report       id: 1102341,
1551 silly audit report       url: 'https://github.com/advisories/GHSA-67mh-4wv8-2f99',
1551 silly audit report       title: 'esbuild enables any website to send any requests to the development server and read the response',
1551 silly audit report       severity: 'moderate',
1551 silly audit report       vulnerable_versions: '<=0.24.2',
1551 silly audit report       cwe: [Array],
1551 silly audit report       cvss: [Object]
1551 silly audit report     }
1551 silly audit report   ]
1551 silly audit report }
1552 silly packumentCache corgi:https://registry.npmjs.org/vite cache-miss
1553 silly packumentCache corgi:https://registry.npmjs.org/esbuild cache-miss
1554 http fetch GET 200 https://registry.npmjs.org/nanoid/-/nanoid-3.3.11.tgz 1711ms (cache miss)
1555 http fetch GET 200 https://registry.npmjs.org/@types/estree/-/estree-1.0.8.tgz 1927ms (cache miss)
1556 http fetch GET 200 https://registry.npmjs.org/object-assign/-/object-assign-4.1.1.tgz 1882ms (cache miss)
1557 http fetch GET 200 https://registry.npmjs.org/loose-envify/-/loose-envify-1.4.0.tgz 1881ms (cache miss)
1558 http fetch GET 200 https://registry.npmjs.org/resolve-from/-/resolve-from-4.0.0.tgz 2046ms (cache miss)
1559 http fetch GET 200 https://registry.npmjs.org/parent-module/-/parent-module-1.0.1.tgz 2045ms (cache miss)
1560 http fetch GET 200 https://registry.npmjs.org/path-parse/-/path-parse-1.0.7.tgz 2287ms (cache miss)
1561 http fetch GET 200 https://registry.npmjs.org/error-ex/-/error-ex-1.3.4.tgz 2267ms (cache miss)
1562 http fetch GET 200 https://registry.npmjs.org/dunder-proto/-/dunder-proto-1.0.1.tgz 2266ms (cache miss)
1563 http fetch GET 200 https://registry.npmjs.org/gopd/-/gopd-1.2.0.tgz 2248ms (cache miss)
1564 http fetch GET 200 https://registry.npmjs.org/is-arrayish/-/is-arrayish-0.2.1.tgz 2424ms (cache miss)
1565 http fetch GET 200 https://registry.npmjs.org/yallist/-/yallist-3.1.1.tgz 2417ms (cache miss)
1566 http fetch GET 200 https://registry.npmjs.org/callsites/-/callsites-3.1.0.tgz 2431ms (cache miss)
1567 http fetch GET 200 https://registry.npmjs.org/has-tostringtag/-/has-tostringtag-1.0.2.tgz 2417ms (cache miss)
1568 http fetch GET 200 https://registry.npmjs.org/lines-and-columns/-/lines-and-columns-1.2.4.tgz 2603ms (cache miss)
1569 http fetch GET 200 https://registry.npmjs.org/json-parse-even-better-errors/-/json-parse-even-better-errors-2.3.1.tgz 2601ms (cache miss)
1570 http fetch GET 200 https://registry.npmjs.org/has-symbols/-/has-symbols-1.1.0.tgz 2579ms (cache miss)
1571 http fetch GET 200 https://registry.npmjs.org/es-object-atoms/-/es-object-atoms-1.1.1.tgz 2580ms (cache miss)
1572 http fetch GET 200 https://registry.npmjs.org/math-intrinsics/-/math-intrinsics-1.1.0.tgz 2583ms (cache miss)
1573 http fetch GET 200 https://registry.npmjs.org/function-bind/-/function-bind-1.1.2.tgz 2578ms (cache miss)
1574 http fetch GET 200 https://registry.npmjs.org/get-proto/-/get-proto-1.0.1.tgz 2690ms (cache miss)
1575 http fetch GET 200 https://registry.npmjs.org/delayed-stream/-/delayed-stream-1.0.0.tgz 2688ms (cache miss)
1576 http fetch GET 200 https://registry.npmjs.org/path-type/-/path-type-4.0.0.tgz 2662ms (cache miss)
1577 http fetch GET 200 https://registry.npmjs.org/es-define-property/-/es-define-property-1.0.1.tgz 2822ms (cache miss)
1578 http fetch GET 200 https://registry.npmjs.org/mime-types/-/mime-types-2.1.35.tgz 2811ms (cache miss)
1579 http fetch GET 200 https://registry.npmjs.org/es-set-tostringtag/-/es-set-tostringtag-2.1.0.tgz 2802ms (cache miss)
1580 http fetch GET 200 https://registry.npmjs.org/call-bind-apply-helpers/-/call-bind-apply-helpers-1.0.2.tgz 2820ms (cache miss)
1581 http fetch GET 200 https://registry.npmjs.org/@types/parse-json/-/parse-json-4.0.2.tgz 3066ms (cache miss)
1582 http fetch GET 200 https://registry.npmjs.org/get-intrinsic/-/get-intrinsic-1.3.0.tgz 3095ms (cache miss)
1583 http fetch GET 200 https://registry.npmjs.org/parse-json/-/parse-json-5.2.0.tgz 3070ms (cache miss)
1584 http fetch GET 200 https://registry.npmjs.org/import-fresh/-/import-fresh-3.3.1.tgz 3069ms (cache miss)
1585 http fetch GET 200 https://registry.npmjs.org/node-releases/-/node-releases-2.0.37.tgz 3070ms (cache miss)
1586 http fetch GET 200 https://registry.npmjs.org/lru-cache/-/lru-cache-5.1.1.tgz 3051ms (cache miss)
1587 http fetch GET 200 https://registry.npmjs.org/combined-stream/-/combined-stream-1.0.8.tgz 3213ms (cache miss)
1588 http fetch GET 200 https://registry.npmjs.org/ms/-/ms-2.1.3.tgz 3207ms (cache miss)
1589 http fetch GET 200 https://registry.npmjs.org/update-browserslist-db/-/update-browserslist-db-1.2.3.tgz 3201ms (cache miss)
1590 http fetch GET 200 https://registry.npmjs.org/@babel/plugin-transform-react-jsx-self/-/plugin-transform-react-jsx-self-7.27.1.tgz 3265ms (cache miss)
1591 http fetch GET 200 https://registry.npmjs.org/react-refresh/-/react-refresh-0.17.0.tgz 3269ms (cache miss)
1592 http fetch GET 200 https://registry.npmjs.org/@types/babel__template/-/babel__template-7.4.4.tgz 3296ms (cache miss)
1593 http fetch GET 200 https://registry.npmjs.org/@rolldown/pluginutils/-/pluginutils-1.0.0-beta.27.tgz 3272ms (cache miss)
1594 http fetch GET 200 https://registry.npmjs.org/@types/babel__core/-/babel__core-7.20.5.tgz 3461ms (cache miss)
1595 http fetch GET 200 https://registry.npmjs.org/proxy-from-env/-/proxy-from-env-2.1.0.tgz 3597ms (cache miss)
1596 http fetch GET 200 https://registry.npmjs.org/@types/babel__generator/-/babel__generator-7.27.0.tgz 3584ms (cache miss)
1597 http fetch GET 200 https://registry.npmjs.org/clsx/-/clsx-2.1.1.tgz 3552ms (cache miss)
1598 http fetch GET 200 https://registry.npmjs.org/@types/react-transition-group/-/react-transition-group-4.4.12.tgz 3640ms (cache miss)
1599 http fetch GET 200 https://registry.npmjs.org/@types/babel__traverse/-/babel__traverse-7.28.0.tgz 3686ms (cache miss)
1600 http fetch GET 200 https://registry.npmjs.org/@babel/compat-data/-/compat-data-7.29.0.tgz 3752ms (cache miss)
1601 http fetch GET 200 https://registry.npmjs.org/react-is/-/react-is-19.2.5.tgz 3730ms (cache miss)
1602 http fetch GET 200 https://registry.npmjs.org/@babel/helper-plugin-utils/-/helper-plugin-utils-7.28.6.tgz 3824ms (cache miss)
1603 http fetch GET 200 https://registry.npmjs.org/@jridgewell/resolve-uri/-/resolve-uri-3.1.2.tgz 3952ms (cache miss)
1604 http fetch GET 200 https://registry.npmjs.org/@emotion/is-prop-valid/-/is-prop-valid-1.4.0.tgz 3952ms (cache miss)
1605 http fetch GET 200 https://registry.npmjs.org/@emotion/unitless/-/unitless-0.10.0.tgz 3985ms (cache miss)
1606 http fetch GET 200 https://registry.npmjs.org/js-tokens/-/js-tokens-4.0.0.tgz 4013ms (cache miss)
1607 http fetch GET 200 https://registry.npmjs.org/find-root/-/find-root-1.1.0.tgz 4015ms (cache miss)
1608 http fetch GET 200 https://registry.npmjs.org/follow-redirects/-/follow-redirects-1.16.0.tgz 4112ms (cache miss)
1609 http fetch GET 200 https://registry.npmjs.org/jsesc/-/jsesc-3.1.0.tgz 4061ms (cache miss)
1610 http fetch GET 200 https://registry.npmjs.org/debug/-/debug-4.4.3.tgz 4053ms (cache miss)
1611 http fetch GET 200 https://registry.npmjs.org/@babel/helper-validator-identifier/-/helper-validator-identifier-7.28.5.tgz 4053ms (cache miss)
1612 http fetch GET 200 https://registry.npmjs.org/picocolors/-/picocolors-1.1.1.tgz 4056ms (cache miss)
1613 http fetch GET 200 https://registry.npmjs.org/@types/prop-types/-/prop-types-15.7.15.tgz 4087ms (cache miss)
1614 http fetch GET 200 https://registry.npmjs.org/mime-db/-/mime-db-1.52.0.tgz 4241ms (cache miss)
1615 http fetch GET 200 https://registry.npmjs.org/@mui/types/-/types-7.2.24.tgz 4125ms (cache miss)
1616 http fetch GET 200 https://registry.npmjs.org/@emotion/sheet/-/sheet-1.4.0.tgz 4119ms (cache miss)
1617 http fetch GET 200 https://registry.npmjs.org/@babel/helper-globals/-/helper-globals-7.28.0.tgz 4110ms (cache miss)
1618 http fetch GET 200 https://registry.npmjs.org/@emotion/memoize/-/memoize-0.9.0.tgz 4105ms (cache miss)
1619 http fetch GET 200 https://registry.npmjs.org/@babel/plugin-transform-react-jsx-source/-/plugin-transform-react-jsx-source-7.27.1.tgz 4188ms (cache miss)
1620 http fetch GET 200 https://registry.npmjs.org/@mui/core-downloads-tracker/-/core-downloads-tracker-5.18.0.tgz 4177ms (cache miss)
1621 http fetch GET 200 https://registry.npmjs.org/convert-source-map/-/convert-source-map-1.9.0.tgz 4149ms (cache miss)
1622 http fetch GET 200 https://registry.npmjs.org/@babel/helper-module-imports/-/helper-module-imports-7.28.6.tgz 4149ms (cache miss)
1623 http fetch GET 200 https://registry.npmjs.org/esbuild/-/esbuild-0.21.5.tgz 4367ms (cache miss)
1624 http fetch GET 200 https://registry.npmjs.org/escape-string-regexp/-/escape-string-regexp-4.0.0.tgz 4180ms (cache miss)
1625 http fetch GET 200 https://registry.npmjs.org/hoist-non-react-statics/-/hoist-non-react-statics-3.3.2.tgz 4180ms (cache miss)
1626 http fetch GET 200 https://registry.npmjs.org/@emotion/weak-memoize/-/weak-memoize-0.4.0.tgz 4181ms (cache miss)
1627 http fetch GET 200 https://registry.npmjs.org/@emotion/utils/-/utils-1.4.2.tgz 4171ms (cache miss)
1628 http fetch GET 200 https://registry.npmjs.org/@emotion/hash/-/hash-0.9.2.tgz 4228ms (cache miss)
1629 http fetch GET 200 https://registry.npmjs.org/@types/react-dom/-/react-dom-18.3.7.tgz 4208ms (cache miss)
1630 http fetch GET 200 https://registry.npmjs.org/convert-source-map/-/convert-source-map-2.0.0.tgz 4199ms (cache miss)
1631 http fetch GET 200 https://registry.npmjs.org/babel-plugin-macros/-/babel-plugin-macros-3.1.0.tgz 4259ms (cache miss)
1632 http fetch GET 200 https://registry.npmjs.org/@emotion/serialize/-/serialize-1.3.3.tgz 4247ms (cache miss)
1633 http fetch GET 200 https://registry.npmjs.org/react-is/-/react-is-16.13.1.tgz 4200ms (cache miss)
1634 http fetch GET 200 https://registry.npmjs.org/gensync/-/gensync-1.0.0-beta.2.tgz 4337ms (cache miss)
1635 http fetch GET 200 https://registry.npmjs.org/@babel/helper-string-parser/-/helper-string-parser-7.27.1.tgz 4308ms (cache miss)
1636 http fetch GET 200 https://registry.npmjs.org/@babel/code-frame/-/code-frame-7.29.0.tgz 4328ms (cache miss)
1637 http fetch GET 200 https://registry.npmjs.org/@emotion/use-insertion-effect-with-fallbacks/-/use-insertion-effect-with-fallbacks-1.2.0.tgz 4313ms (cache miss)
1638 http fetch GET 200 https://registry.npmjs.org/hasown/-/hasown-2.0.3.tgz 4534ms (cache miss)
1639 http fetch GET 200 https://registry.npmjs.org/supports-preserve-symlinks-flag/-/supports-preserve-symlinks-flag-1.0.0.tgz 4617ms (cache miss)
1640 http fetch GET 200 https://registry.npmjs.org/is-core-module/-/is-core-module-2.16.1.tgz 4753ms (cache miss)
1641 http fetch GET 200 https://registry.npmjs.org/@babel/helper-validator-option/-/helper-validator-option-7.27.1.tgz 4776ms (cache miss)
1642 http fetch GET 200 https://registry.npmjs.org/browserslist/-/browserslist-4.28.2.tgz 4796ms (cache miss)
1643 http fetch GET 200 https://registry.npmjs.org/escalade/-/escalade-3.2.0.tgz 4996ms (cache miss)
1644 http fetch GET 200 https://registry.npmjs.org/semver/-/semver-6.3.1.tgz 4875ms (cache miss)
1645 http fetch GET 200 https://registry.npmjs.org/baseline-browser-mapping/-/baseline-browser-mapping-2.10.20.tgz 4903ms (cache miss)
1646 http fetch GET 200 https://registry.npmjs.org/prop-types/-/prop-types-15.8.1.tgz 5022ms (cache miss)
1647 http fetch GET 200 https://registry.npmjs.org/@vitejs/plugin-react/-/plugin-react-4.7.0.tgz 4961ms (cache miss)
1648 http fetch GET 200 https://registry.npmjs.org/form-data/-/form-data-4.0.5.tgz 5091ms (cache miss)
1649 http fetch GET 200 https://registry.npmjs.org/react-is/-/react-is-16.13.1.tgz 4981ms (cache miss)
1650 http fetch GET 200 https://registry.npmjs.org/scheduler/-/scheduler-0.23.2.tgz 5881ms (cache miss)
1651 http fetch GET 200 https://registry.npmjs.org/electron-to-chromium/-/electron-to-chromium-1.5.340.tgz 5805ms (cache miss)
1652 http fetch GET 200 https://registry.npmjs.org/es-errors/-/es-errors-1.3.0.tgz 5963ms (cache miss)
1653 http fetch GET 200 https://registry.npmjs.org/source-map-js/-/source-map-js-1.2.1.tgz 6164ms (cache miss)
1654 http fetch GET 200 https://registry.npmjs.org/esbuild 5499ms (cache miss)
1655 silly packumentCache corgi:https://registry.npmjs.org/esbuild set size:undefined disposed:false
1656 http fetch GET 200 https://registry.npmjs.org/asynckit/-/asynckit-0.4.0.tgz 6229ms (cache miss)
1657 http fetch GET 200 https://registry.npmjs.org/@babel/helper-compilation-targets/-/helper-compilation-targets-7.28.6.tgz 6244ms (cache miss)
1658 http fetch GET 200 https://registry.npmjs.org/csstype/-/csstype-3.2.3.tgz 6221ms (cache miss)
1659 http fetch GET 200 https://registry.npmjs.org/stylis/-/stylis-4.2.0.tgz 6237ms (cache miss)
1660 http fetch GET 200 https://registry.npmjs.org/@babel/helper-module-transforms/-/helper-module-transforms-7.28.6.tgz 6304ms (cache miss)
1661 http fetch GET 200 https://registry.npmjs.org/@babel/template/-/template-7.28.6.tgz 6431ms (cache miss)
1662 http fetch GET 200 https://registry.npmjs.org/@types/react/-/react-18.3.28.tgz 6410ms (cache miss)
1663 http fetch GET 200 https://registry.npmjs.org/json5/-/json5-2.2.3.tgz 6625ms (cache miss)
1664 http fetch GET 200 https://registry.npmjs.org/react/-/react-18.3.1.tgz 6620ms (cache miss)
1665 http fetch GET 200 https://registry.npmjs.org/@rollup/rollup-win32-x64-gnu/-/rollup-win32-x64-gnu-4.60.2.tgz 7032ms (cache miss)
1666 http fetch GET 200 https://registry.npmjs.org/@jridgewell/sourcemap-codec/-/sourcemap-codec-1.5.5.tgz 6876ms (cache miss)
1667 http fetch GET 200 https://registry.npmjs.org/source-map/-/source-map-0.5.7.tgz 6897ms (cache miss)
1668 http fetch GET 200 https://registry.npmjs.org/react-router/-/react-router-6.30.3.tgz 7441ms (cache miss)
1669 http fetch GET 200 https://registry.npmjs.org/@babel/parser/-/parser-7.29.2.tgz 7315ms (cache miss)
1670 http fetch GET 200 https://registry.npmjs.org/vite 6914ms (cache miss)
1671 silly packumentCache corgi:https://registry.npmjs.org/vite set size:undefined disposed:false
1672 http fetch GET 200 https://registry.npmjs.org/@emotion/babel-plugin/-/babel-plugin-11.13.5.tgz 7494ms (cache miss)
1673 http fetch GET 200 https://registry.npmjs.org/@jridgewell/remapping/-/remapping-2.3.5.tgz 7604ms (cache miss)
1674 http fetch GET 200 https://registry.npmjs.org/@rollup/rollup-win32-x64-msvc/-/rollup-win32-x64-msvc-4.60.2.tgz 7814ms (cache miss)
1675 http fetch GET 200 https://registry.npmjs.org/@jridgewell/gen-mapping/-/gen-mapping-0.3.13.tgz 7666ms (cache miss)
1676 silly packumentCache corgi:https://registry.npmjs.org/@vitejs%2fplugin-react cache-miss
1677 http fetch GET 200 https://registry.npmjs.org/react-router-dom/-/react-router-dom-6.30.3.tgz 7686ms (cache miss)
1678 http fetch GET 200 https://registry.npmjs.org/react-transition-group/-/react-transition-group-4.4.5.tgz 8223ms (cache miss)
1679 http fetch GET 200 https://registry.npmjs.org/@mui/styled-engine/-/styled-engine-5.18.0.tgz 8652ms (cache miss)
1680 http fetch GET 200 https://registry.npmjs.org/cosmiconfig/-/cosmiconfig-7.1.0.tgz 9071ms (cache miss)
1681 http fetch GET 200 https://registry.npmjs.org/@vitejs%2fplugin-react 1624ms (cache miss)
1682 silly packumentCache corgi:https://registry.npmjs.org/@vitejs%2fplugin-react set size:undefined disposed:false
1683 http fetch GET 200 https://registry.npmjs.org/@emotion/cache/-/cache-11.14.0.tgz 9928ms (cache miss)
1684 http fetch GET 200 https://registry.npmjs.org/@mui/private-theming/-/private-theming-5.17.1.tgz 11176ms (cache miss)
1685 http fetch GET 200 https://registry.npmjs.org/@jridgewell/trace-mapping/-/trace-mapping-0.3.31.tgz 11155ms (cache miss)
1686 http fetch GET 200 https://registry.npmjs.org/postcss/-/postcss-8.5.10.tgz 11385ms (cache miss)
1687 http fetch GET 200 https://registry.npmjs.org/@remix-run/router/-/router-1.23.2.tgz 11487ms (cache miss)
1688 http fetch GET 200 https://registry.npmjs.org/yaml/-/yaml-1.10.3.tgz 11524ms (cache miss)
1689 http fetch GET 200 https://registry.npmjs.org/rollup/-/rollup-4.60.2.tgz 11652ms (cache miss)
1690 http fetch GET 200 https://registry.npmjs.org/@babel/generator/-/generator-7.29.1.tgz 11492ms (cache miss)
1691 http fetch GET 200 https://registry.npmjs.org/vite/-/vite-5.4.21.tgz 11801ms (cache miss)
1692 http fetch GET 200 https://registry.npmjs.org/react-dom/-/react-dom-18.3.1.tgz 12051ms (cache miss)
1693 http fetch GET 200 https://registry.npmjs.org/@emotion/styled/-/styled-11.14.1.tgz 12437ms (cache miss)
1694 http fetch GET 200 https://registry.npmjs.org/@babel/traverse/-/traverse-7.29.0.tgz 12562ms (cache miss)
1695 http fetch GET 200 https://registry.npmjs.org/@esbuild/win32-x64/-/win32-x64-0.21.5.tgz 13202ms (cache miss)
1696 http fetch GET 200 https://registry.npmjs.org/resolve/-/resolve-1.22.12.tgz 13394ms (cache miss)
1697 http fetch GET 200 https://registry.npmjs.org/axios/-/axios-1.15.1.tgz 13499ms (cache miss)
1698 http fetch GET 200 https://registry.npmjs.org/@babel/core/-/core-7.29.0.tgz 13917ms (cache miss)
1699 http fetch GET 200 https://registry.npmjs.org/@emotion/react/-/react-11.14.0.tgz 13935ms (cache miss)
1700 http fetch GET 200 https://registry.npmjs.org/dom-helpers/-/dom-helpers-5.2.1.tgz 15317ms (cache miss)
1701 http fetch GET 200 https://registry.npmjs.org/@babel/types/-/types-7.29.0.tgz 15169ms (cache miss)
1702 http fetch GET 200 https://registry.npmjs.org/@babel/runtime/-/runtime-7.29.2.tgz 15524ms (cache miss)
1703 http fetch GET 200 https://registry.npmjs.org/@babel/helpers/-/helpers-7.29.2.tgz 16404ms (cache miss)
1704 http fetch GET 200 https://registry.npmjs.org/@popperjs/core/-/core-2.11.8.tgz 16859ms (cache miss)
1705 http fetch GET 200 https://registry.npmjs.org/typescript/-/typescript-5.9.3.tgz 16839ms (cache miss)
1706 http fetch GET 200 https://registry.npmjs.org/@mui/system/-/system-5.18.0.tgz 17383ms (cache miss)
1707 http fetch GET 200 https://registry.npmjs.org/dayjs/-/dayjs-1.11.20.tgz 17705ms (cache miss)
1708 http fetch GET 200 https://registry.npmjs.org/@mui/utils/-/utils-5.17.1.tgz 18084ms (cache miss)
1709 http fetch GET 200 https://registry.npmjs.org/caniuse-lite/-/caniuse-lite-1.0.30001788.tgz 20091ms (cache miss)
1710 http fetch GET 200 https://registry.npmjs.org/@mui/material/-/material-5.18.0.tgz 29899ms (cache miss)
1711 http fetch GET 200 https://registry.npmjs.org/@mui/icons-material/-/icons-material-5.18.0.tgz 161584ms (cache miss)
1712 info run esbuild@0.21.5 postinstall node_modules/esbuild node install.js
1713 info run esbuild@0.21.5 postinstall { code: 0, signal: null }
1714 silly ADD node_modules/@types/estree
1715 silly ADD node_modules/@rollup/rollup-win32-x64-msvc
1716 silly ADD node_modules/@rollup/rollup-win32-x64-gnu
1717 silly ADD
1718 silly ADD
1719 silly ADD
1720 silly ADD
1721 silly ADD
1722 silly ADD
1723 silly ADD
1724 silly ADD
1725 silly ADD
1726 silly ADD
1727 silly ADD
1728 silly ADD
1729 silly ADD
1730 silly ADD
1731 silly ADD
1732 silly ADD
1733 silly ADD
1734 silly ADD
1735 silly ADD
1736 silly ADD
1737 silly ADD
1738 silly ADD
1739 silly ADD
1740 silly ADD node_modules/source-map-js
1741 silly ADD node_modules/nanoid
1742 silly ADD node_modules/@esbuild/win32-x64
1743 silly ADD
1744 silly ADD
1745 silly ADD
1746 silly ADD
1747 silly ADD
1748 silly ADD
1749 silly ADD
1750 silly ADD
1751 silly ADD
1752 silly ADD
1753 silly ADD
1754 silly ADD
1755 silly ADD
1756 silly ADD
1757 silly ADD
1758 silly ADD
1759 silly ADD
1760 silly ADD
1761 silly ADD
1762 silly ADD
1763 silly ADD
1764 silly ADD
1765 silly ADD node_modules/rollup
1766 silly ADD node_modules/postcss
1767 silly ADD
1768 silly ADD node_modules/esbuild
1769 silly ADD node_modules/escalade
1770 silly ADD node_modules/supports-preserve-symlinks-flag
1771 silly ADD node_modules/path-parse
1772 silly ADD node_modules/is-core-module
1773 silly ADD node_modules/dom-helpers
1774 silly ADD node_modules/react-router
1775 silly ADD node_modules/@remix-run/router
1776 silly ADD node_modules/scheduler
1777 silly ADD node_modules/object-assign
1778 silly ADD node_modules/loose-envify
1779 silly ADD node_modules/is-arrayish
1780 silly ADD node_modules/lines-and-columns
1781 silly ADD node_modules/json-parse-even-better-errors
1782 silly ADD node_modules/error-ex
1783 silly ADD node_modules/callsites
1784 silly ADD node_modules/mime-db
1785 silly ADD node_modules/yallist
1786 silly ADD node_modules/resolve-from
1787 silly ADD node_modules/parent-module
1788 silly ADD node_modules/dunder-proto
1789 silly ADD node_modules/math-intrinsics
1790 silly ADD node_modules/has-symbols
1791 silly ADD node_modules/gopd
1792 silly ADD node_modules/get-proto
1793 silly ADD node_modules/function-bind
1794 silly ADD node_modules/es-object-atoms
1795 silly ADD node_modules/es-define-property
1796 silly ADD node_modules/call-bind-apply-helpers
1797 silly ADD node_modules/has-tostringtag
1798 silly ADD node_modules/get-intrinsic
1799 silly ADD node_modules/es-errors
1800 silly ADD node_modules/delayed-stream
1801 silly ADD node_modules/mime-types
1802 silly ADD node_modules/hasown
1803 silly ADD node_modules/es-set-tostringtag
1804 silly ADD node_modules/combined-stream
1805 silly ADD node_modules/asynckit
1806 silly ADD node_modules/ms
1807 silly ADD node_modules/yaml
1808 silly ADD node_modules/path-type
1809 silly ADD node_modules/parse-json
1810 silly ADD node_modules/import-fresh
1811 silly ADD node_modules/@types/parse-json
1812 silly ADD node_modules/update-browserslist-db
1813 silly ADD node_modules/node-releases
1814 silly ADD node_modules/electron-to-chromium
1815 silly ADD node_modules/caniuse-lite
1816 silly ADD node_modules/baseline-browser-mapping
1817 silly ADD node_modules/resolve
1818 silly ADD node_modules/cosmiconfig
1819 silly ADD node_modules/proxy-from-env
1820 silly ADD node_modules/form-data
1821 silly ADD node_modules/follow-redirects
1822 silly ADD node_modules/@types/babel__traverse
1823 silly ADD node_modules/@types/babel__template
1824 silly ADD node_modules/@types/babel__generator
1825 silly ADD node_modules/@babel/helper-plugin-utils
1826 silly ADD node_modules/lru-cache
1827 silly ADD node_modules/browserslist
1828 silly ADD node_modules/@babel/helper-validator-option
1829 silly ADD node_modules/@babel/compat-data
1830 silly ADD node_modules/semver
1831 silly ADD node_modules/json5
1832 silly ADD node_modules/gensync
1833 silly ADD node_modules/@jridgewell/remapping
1834 silly ADD node_modules/@babel/helpers
1835 silly ADD node_modules/@babel/helper-module-transforms
1836 silly ADD node_modules/@babel/helper-compilation-targets
1837 silly ADD node_modules/react-refresh
1838 silly ADD node_modules/@types/babel__core
1839 silly ADD node_modules/@rolldown/pluginutils
1840 silly ADD node_modules/@babel/plugin-transform-react-jsx-source
1841 silly ADD node_modules/@babel/plugin-transform-react-jsx-self
1842 silly ADD node_modules/@babel/core
1843 silly ADD node_modules/@babel/core/node_modules/convert-source-map
1844 silly ADD node_modules/@types/prop-types
1845 silly ADD node_modules/@mui/styled-engine
1846 silly ADD node_modules/@mui/private-theming
1847 silly ADD node_modules/react-transition-group
1848 silly ADD node_modules/react-is
1849 silly ADD node_modules/prop-types
1850 silly ADD node_modules/prop-types/node_modules/react-is
1851 silly ADD node_modules/clsx
1852 silly ADD node_modules/@types/react-transition-group
1853 silly ADD node_modules/@popperjs/core
1854 silly ADD node_modules/@mui/utils
1855 silly ADD node_modules/@mui/types
1856 silly ADD node_modules/@mui/system
1857 silly ADD node_modules/@mui/core-downloads-tracker
1858 silly ADD node_modules/@jridgewell/resolve-uri
1859 silly ADD node_modules/@jridgewell/sourcemap-codec
1860 silly ADD node_modules/@emotion/is-prop-valid
1861 silly ADD node_modules/csstype
1862 silly ADD node_modules/@emotion/unitless
1863 silly ADD node_modules/@emotion/sheet
1864 silly ADD node_modules/@babel/helper-string-parser
1865 silly ADD node_modules/jsesc
1866 silly ADD node_modules/@jridgewell/trace-mapping
1867 silly ADD node_modules/@jridgewell/gen-mapping
1868 silly ADD node_modules/picocolors
1869 silly ADD node_modules/js-tokens
1870 silly ADD node_modules/@babel/helper-validator-identifier
1871 silly ADD node_modules/debug
1872 silly ADD node_modules/@babel/template
1873 silly ADD node_modules/@babel/parser
1874 silly ADD node_modules/@babel/helper-globals
1875 silly ADD node_modules/@babel/generator
1876 silly ADD node_modules/@babel/code-frame
1877 silly ADD node_modules/@babel/types
1878 silly ADD node_modules/@babel/traverse
1879 silly ADD node_modules/stylis
1880 silly ADD node_modules/source-map
1881 silly ADD node_modules/find-root
1882 silly ADD node_modules/escape-string-regexp
1883 silly ADD node_modules/convert-source-map
1884 silly ADD node_modules/babel-plugin-macros
1885 silly ADD node_modules/@emotion/memoize
1886 silly ADD node_modules/@emotion/hash
1887 silly ADD node_modules/@babel/helper-module-imports
1888 silly ADD node_modules/hoist-non-react-statics
1889 silly ADD node_modules/hoist-non-react-statics/node_modules/react-is
1890 silly ADD node_modules/@emotion/weak-memoize
1891 silly ADD node_modules/@emotion/utils
1892 silly ADD node_modules/@emotion/use-insertion-effect-with-fallbacks
1893 silly ADD node_modules/@emotion/serialize
1894 silly ADD node_modules/@emotion/cache
1895 silly ADD node_modules/@emotion/babel-plugin
1896 silly ADD node_modules/@babel/runtime
1897 silly ADD node_modules/typescript
1898 silly ADD node_modules/react-router-dom
1899 silly ADD node_modules/dayjs
1900 silly ADD node_modules/axios
1901 silly ADD node_modules/vite
1902 silly ADD node_modules/@vitejs/plugin-react
1903 silly ADD node_modules/@types/react-dom
1904 silly ADD node_modules/@types/react
1905 silly ADD node_modules/react-dom
1906 silly ADD node_modules/@mui/material
1907 silly ADD node_modules/@mui/icons-material
1908 silly ADD node_modules/@emotion/styled
1909 silly ADD node_modules/react
1910 silly ADD node_modules/@emotion/react
1911 verbose cwd C:\Users\venka\OneDrive\Desktop\Attendance\frontend
1912 verbose os Windows_NT 10.0.26200
1913 verbose node v22.22.2
1914 verbose npm  v10.9.7
1915 verbose exit 0
1916 info ok
